03:48:05,PM,454.68
03:48:06,PM,454.68
03:48:07,PM,454.68
03:48:08,PM,454.68
03:48:09,PM,454.68
03:48:10,PM,454.68
03:48:11,PM,454.68
03:48:12,PM,454.68
03:48:13,PM,454.68
03:48:14,PM,454.68
03:48:15,PM,454.68
03:48:16,PM,454.68
03:48:17,PM,454.68
03:48:18,PM,454.68
03:48:19,PM,454.81
03:48:20,PM,454.81
03:48:21,PM,454.81
03:48:22,PM,454.81
03:48:23,PM,454.81
03:48:24,PM,454.81
03:48:25,PM,454.81
03:48:26,PM,454.81
03:48:27,PM,454.81
03:48:28,PM,454.81
03:48:29,PM,454.81
03:48:30,PM,454.81
03:48:31,PM,454.81
03:48:32,PM,454.81
03:48:33,PM,454.81
03:48:34,PM,454.81
03:48:35,PM,454.81
03:48:36,PM,454.81
03:48:37,PM,454.81
03:48:38,PM,454.81
03:48:39,PM,454.81
03:48:40,PM,454.81
03:48:41,PM,454.81
03:48:42,PM,454.81
03:48:43,PM,454.81
03:48:44,PM,454.81
03:48:45,PM,454.81
03:48:46,PM,454.81
03:48:47,PM,454.81
03:48:48,PM,454.81
03:48:49,PM,454.81
03:48:50,PM,454.81
03:48:51,PM,454.81
03:48:52,PM,454.81
03:48:53,PM,454.81
03:48:54,PM,454.81
03:48:55,PM,454.81
03:48:56,PM,454.81
03:48:57,PM,454.81
03:48:58,PM,454.81
03:48:59,PM,454.81
03:49:00,PM,454.81
03:49:01,PM,454.81
03:49:02,PM,454.81
03:49:03,PM,454.81
03:49:04,PM,454.81
03:49:05,PM,454.81
03:49:06,PM,454.81
03:49:07,PM,454.81
03:49:08,PM,454.81
03:49:09,PM,454.81
03:49:10,PM,454.81
03:49:11,PM,454.81
03:49:12,PM,454.81
03:49:13,PM,454.81
03:49:14,PM,454.81
03:49:15,PM,454.81
03:49:16,PM,454.81
03:49:17,PM,454.81
03:49:18,PM,454.81
03:49:19,PM,454.81
03:49:20,PM,454.81
03:49:21,PM,454.81
03:49:22,PM,454.81
03:49:23,PM,454.81
03:49:24,PM,454.81
03:49:25,PM,454.81
03:49:26,PM,454.81
03:49:27,PM,454.81
03:49:28,PM,454.81
03:49:29,PM,454.81
03:49:30,PM,454.81
03:49:31,PM,454.81
03:49:32,PM,454.81
03:49:33,PM,454.81
03:49:34,PM,454.81
03:49:35,PM,454.81
03:49:36,PM,454.81
03:49:37,PM,454.81
03:49:38,PM,454.81
03:49:39,PM,454.81
03:49:40,PM,454.81
03:49:41,PM,454.81
03:49:42,PM,454.81
03:49:43,PM,454.81
03:49:44,PM,454.81
03:49:45,PM,454.81
03:49:46,PM,454.81
03:49:47,PM,454.81
03:49:48,PM,454.81
03:49:49,PM,454.81
03:49:50,PM,454.81
03:49:51,PM,454.81
03:49:52,PM,454.81
03:49:53,PM,454.81
03:49:54,PM,454.81
03:49:55,PM,454.81
03:49:56,PM,454.81
03:49:57,PM,454.81
03:49:58,PM,454.81
03:49:59,PM,454.81
03:50:00,PM,454.81
03:50:01,PM,454.81
03:50:02,PM,454.81
03:50:03,PM,454.81
03:50:04,PM,454.81
03:50:05,PM,454.81
03:50:06,PM,454.81
03:50:07,PM,454.81
03:50:08,PM,454.81
03:50:09,PM,454.81
03:50:10,PM,454.81
03:50:11,PM,454.81
03:50:12,PM,454.81
03:50:13,PM,454.81
03:50:14,PM,454.81
03:50:15,PM,454.81
03:50:16,PM,454.81
03:50:17,PM,454.81
03:50:18,PM,454.81
03:50:19,PM,454.81
03:50:20,PM,454.81
03:50:21,PM,454.81
03:50:22,PM,454.81
03:50:23,PM,454.81
03:50:24,PM,454.81
03:50:25,PM,454.81
03:50:26,PM,454.81
03:50:27,PM,454.81
03:50:28,PM,454.81
03:50:29,PM,454.81
03:50:30,PM,454.81
03:50:31,PM,454.81
03:50:32,PM,454.81
03:50:33,PM,454.81
03:50:34,PM,454.81
03:50:35,PM,454.81
03:50:36,PM,454.81
03:50:37,PM,454.81
03:50:38,PM,454.81
03:50:39,PM,454.81
03:50:40,PM,454.81
03:50:41,PM,454.81
03:50:42,PM,454.81
03:50:43,PM,454.81
03:50:44,PM,454.81
03:50:45,PM,454.81
03:50:46,PM,454.81
03:50:47,PM,454.81
03:50:48,PM,454.81
03:50:49,PM,454.81
03:50:50,PM,454.81
03:50:51,PM,454.81
03:50:52,PM,454.81
03:50:53,PM,454.81
03:50:54,PM,454.81
03:50:55,PM,454.81
03:50:56,PM,454.81
03:50:57,PM,454.81
03:50:58,PM,454.81
03:50:59,PM,454.81
03:51:00,PM,454.81
03:51:01,PM,454.81
03:51:02,PM,454.81
03:51:03,PM,454.81
03:51:04,PM,454.81
03:51:05,PM,454.81
03:51:06,PM,454.81
03:51:07,PM,454.81
03:51:08,PM,454.81
03:51:09,PM,454.81
03:51:10,PM,454.81
03:51:11,PM,454.81
03:51:12,PM,454.81
03:51:13,PM,454.81
03:51:14,PM,454.81
03:51:15,PM,454.81
03:51:16,PM,454.81
03:51:17,PM,454.81
03:51:18,PM,454.81
03:51:19,PM,454.81
03:51:20,PM,454.81
03:51:21,PM,454.81
03:51:22,PM,454.81
03:51:23,PM,454.81
03:51:24,PM,454.81
03:51:25,PM,454.81
03:51:26,PM,454.81
03:51:27,PM,454.81
03:51:28,PM,454.81
03:51:29,PM,454.81
03:51:30,PM,454.81
03:51:31,PM,454.81
03:51:32,PM,454.81
03:51:33,PM,454.81
03:51:34,PM,454.81
03:51:35,PM,454.81
03:51:36,PM,454.81
03:51:37,PM,454.81
03:51:38,PM,454.81
03:51:39,PM,454.81
03:51:40,PM,454.81
03:51:41,PM,454.81
03:51:42,PM,454.81
03:51:43,PM,454.81
03:51:44,PM,454.81
03:51:45,PM,454.81
03:51:46,PM,454.81
03:51:47,PM,454.81
03:51:48,PM,454.81
03:51:49,PM,454.81
03:51:50,PM,454.81
03:51:51,PM,454.81
03:51:52,PM,454.81
03:51:53,PM,454.81
03:51:54,PM,454.81
03:51:55,PM,454.81
03:51:56,PM,454.81
03:51:57,PM,454.81
03:51:58,PM,454.81
03:51:59,PM,454.81
03:52:00,PM,454.81
03:52:01,PM,454.81
03:52:02,PM,454.81
03:52:03,PM,454.81
03:52:04,PM,454.81
03:52:05,PM,454.81
03:52:06,PM,454.81
03:52:07,PM,454.81
03:52:08,PM,454.81
03:52:09,PM,454.81
03:52:10,PM,454.81
03:52:11,PM,454.81
03:52:12,PM,454.81
03:52:13,PM,454.81
03:52:14,PM,454.81
03:52:15,PM,454.81
03:52:16,PM,454.81
03:52:17,PM,454.81
03:52:18,PM,454.81
03:52:19,PM,454.81
03:52:20,PM,454.81
03:52:21,PM,454.81
03:52:22,PM,454.81
03:52:23,PM,454.81
03:52:24,PM,454.81
03:52:25,PM,454.81
03:52:26,PM,454.81
03:52:27,PM,454.81
03:52:28,PM,454.81
03:52:29,PM,454.81
03:52:30,PM,454.81
03:52:31,PM,454.81
03:52:32,PM,454.81
03:52:33,PM,454.81
03:52:34,PM,454.81
03:52:35,PM,454.81
03:52:36,PM,454.81
03:52:37,PM,454.81
03:52:38,PM,454.81
03:52:39,PM,454.81
03:52:40,PM,454.81
03:52:41,PM,454.81
03:52:42,PM,454.81
03:52:43,PM,454.81
03:52:44,PM,454.81
03:52:45,PM,454.81
03:52:46,PM,454.81
03:52:47,PM,454.81
03:52:48,PM,454.81
03:52:49,PM,454.81
03:52:50,PM,454.81
03:52:51,PM,454.81
03:52:52,PM,454.81
03:52:53,PM,454.81
03:52:54,PM,454.81
03:52:55,PM,454.81
03:52:56,PM,454.81
03:52:57,PM,454.81
03:52:58,PM,454.81
03:52:59,PM,454.81
03:53:00,PM,454.81
03:53:01,PM,454.81
03:53:02,PM,454.81
03:53:03,PM,454.81
03:53:04,PM,454.81
03:53:05,PM,454.81
03:53:06,PM,454.81
03:53:07,PM,454.81
03:53:08,PM,454.81
03:53:09,PM,454.81
03:53:10,PM,454.81
03:53:11,PM,454.81
03:53:12,PM,454.81
03:53:13,PM,454.81
03:53:14,PM,454.81
03:53:15,PM,454.81
03:53:16,PM,454.81
03:53:17,PM,454.81
03:53:18,PM,454.81
03:53:19,PM,454.81
03:53:20,PM,454.81
03:53:21,PM,454.81
03:53:22,PM,454.81
03:53:23,PM,454.81
03:53:24,PM,454.81
03:53:25,PM,454.81
03:53:26,PM,454.81
03:53:27,PM,454.81
03:53:28,PM,454.81
03:53:29,PM,454.81
03:53:30,PM,454.81
03:53:31,PM,454.81
03:53:32,PM,454.81
03:53:33,PM,454.81
03:53:34,PM,454.81
03:53:35,PM,454.81
03:53:36,PM,454.81
03:53:37,PM,454.81
03:53:38,PM,454.81
03:53:39,PM,454.81
03:53:40,PM,454.81
03:53:41,PM,454.81
03:53:42,PM,454.81
03:53:43,PM,454.81
03:53:44,PM,454.81
03:53:45,PM,454.81
03:53:46,PM,454.81
03:53:47,PM,454.81
03:53:48,PM,454.81
03:53:49,PM,454.81
03:53:50,PM,454.81
03:53:51,PM,454.81
03:53:52,PM,454.81
03:53:53,PM,454.81
03:53:54,PM,454.81
03:53:55,PM,454.81
03:53:56,PM,454.81
03:53:57,PM,454.81
03:53:58,PM,454.81
03:53:59,PM,454.81
03:54:00,PM,454.81
03:54:01,PM,454.81
03:54:02,PM,454.81
03:54:03,PM,454.81
03:54:04,PM,454.81
03:54:05,PM,454.81
03:54:06,PM,454.81
03:54:07,PM,454.81
03:54:08,PM,454.81
03:54:09,PM,454.81
03:54:10,PM,454.81
03:54:11,PM,454.81
03:54:12,PM,454.81
03:54:13,PM,454.81
03:54:14,PM,454.81
03:54:15,PM,454.81
03:54:16,PM,454.81
03:54:17,PM,454.81
03:54:18,PM,454.81
03:54:19,PM,454.81
03:54:20,PM,454.81
03:54:21,PM,454.81
03:54:22,PM,454.81
03:54:23,PM,454.81
03:54:24,PM,454.81
03:54:25,PM,454.81
03:54:26,PM,454.81
03:54:27,PM,454.81
03:54:28,PM,454.81
03:54:29,PM,454.81
03:54:30,PM,454.81
03:54:31,PM,454.81
03:54:32,PM,454.81
03:54:33,PM,454.81
03:54:34,PM,454.81
03:54:35,PM,454.81
03:54:36,PM,454.81
03:54:37,PM,454.81
03:54:38,PM,454.81
03:54:39,PM,454.81
03:54:40,PM,454.81
03:54:41,PM,454.81
03:54:42,PM,454.81
03:54:43,PM,454.81
03:54:44,PM,454.81
03:54:45,PM,454.81
03:54:46,PM,454.81
03:54:47,PM,454.94
03:54:48,PM,455.07
03:54:49,PM,455.33
03:54:50,PM,455.33
03:54:51,PM,455.33
03:54:52,PM,455.33
03:54:53,PM,455.33
03:54:54,PM,455.33
03:54:55,PM,455.46
03:54:56,PM,455.46
03:54:57,PM,455.46
03:54:58,PM,455.46
03:54:59,PM,455.71
03:55:00,PM,455.85
03:55:01,PM,455.85
03:55:02,PM,455.85
03:55:03,PM,455.85
03:55:04,PM,455.85
03:55:05,PM,455.85
03:55:06,PM,455.85
03:55:07,PM,455.85
03:55:08,PM,455.85
03:55:09,PM,455.85
03:55:10,PM,455.85
03:55:11,PM,455.85
03:55:12,PM,455.85
03:55:13,PM,455.85
03:55:14,PM,455.85
03:55:15,PM,455.85
03:55:16,PM,455.85
03:55:17,PM,455.85
03:55:18,PM,455.85
03:55:19,PM,456.24
03:55:20,PM,456.37
03:55:21,PM,456.37
03:55:22,PM,456.37
03:55:23,PM,456.37
03:55:24,PM,456.37
03:55:25,PM,456.37
03:55:26,PM,456.37
03:55:27,PM,456.37
03:55:28,PM,456.37
03:55:29,PM,456.37
03:55:30,PM,456.37
03:55:31,PM,456.37
03:55:32,PM,456.37
03:55:33,PM,456.37
03:55:34,PM,456.37
03:55:35,PM,456.37
03:55:36,PM,456.37
03:55:37,PM,456.37
03:55:38,PM,456.37
03:55:39,PM,456.37
03:55:40,PM,456.37
03:55:41,PM,456.37
03:55:42,PM,456.37
03:55:43,PM,456.37
03:55:44,PM,456.37
03:55:45,PM,456.37
03:55:46,PM,456.37
03:55:47,PM,456.37
03:55:48,PM,456.37
03:55:49,PM,456.37
03:55:50,PM,456.37
03:55:51,PM,456.37
03:55:52,PM,456.37
03:55:53,PM,456.37
03:55:54,PM,456.37
03:55:55,PM,456.37
03:55:56,PM,456.37
03:55:57,PM,456.37
03:55:58,PM,456.37
03:55:59,PM,456.37
03:56:00,PM,456.37
03:56:01,PM,456.37
03:56:02,PM,456.37
03:56:03,PM,456.37
03:56:04,PM,456.37
03:56:05,PM,456.37
03:56:06,PM,456.37
03:56:07,PM,456.37
03:56:08,PM,456.37
03:56:09,PM,456.37
03:56:10,PM,456.37
03:56:11,PM,456.37
03:56:12,PM,456.37
03:56:13,PM,456.37
03:56:14,PM,456.37
03:56:15,PM,456.37
03:56:16,PM,456.37
03:56:17,PM,456.37
03:56:18,PM,456.37
03:56:19,PM,456.37
03:56:20,PM,456.37
03:56:21,PM,456.37
03:56:22,PM,456.37
03:56:23,PM,456.37
03:56:24,PM,456.37
03:56:25,PM,456.37
03:56:26,PM,456.37
03:56:27,PM,456.37
03:56:28,PM,456.37
03:56:29,PM,456.37
03:56:30,PM,456.37
03:56:31,PM,456.37
03:56:32,PM,456.37
03:56:33,PM,456.37
03:56:34,PM,456.37
03:56:35,PM,456.37
03:56:36,PM,456.37
03:56:37,PM,456.37
03:56:38,PM,456.37
03:56:39,PM,456.37
03:56:40,PM,456.37
03:56:41,PM,456.37
03:56:42,PM,456.37
03:56:43,PM,456.37
03:56:44,PM,456.37
03:56:45,PM,456.37
03:56:46,PM,456.37
03:56:47,PM,456.37
03:56:48,PM,456.37
03:56:49,PM,456.37
03:56:50,PM,456.37
03:56:51,PM,456.37
03:56:52,PM,456.37
03:56:53,PM,456.37
03:56:54,PM,456.37
03:56:55,PM,456.37
03:56:56,PM,456.37
03:56:57,PM,456.37
03:56:58,PM,456.37
03:56:59,PM,456.37
03:57:00,PM,456.37
03:57:01,PM,456.37
03:57:02,PM,456.37
03:57:03,PM,456.37
03:57:04,PM,456.37
03:57:05,PM,456.37
03:57:06,PM,456.37
03:57:07,PM,456.37
03:57:08,PM,456.37
03:57:09,PM,456.37
03:57:10,PM,456.37
03:57:11,PM,456.37
03:57:12,PM,456.37
03:57:13,PM,456.37
03:57:14,PM,456.37
03:57:15,PM,456.37
03:57:16,PM,456.37
03:57:17,PM,456.37
03:57:18,PM,456.37
03:57:19,PM,456.37
03:57:20,PM,456.37
03:57:21,PM,456.37
03:57:22,PM,456.37
03:57:23,PM,456.37
03:57:24,PM,456.37
03:57:25,PM,456.37
03:57:26,PM,456.37
03:57:27,PM,456.37
03:57:28,PM,456.37
03:57:29,PM,456.37
03:57:30,PM,456.37
03:57:31,PM,456.37
03:57:32,PM,456.37
03:57:33,PM,456.37
03:57:34,PM,456.37
03:57:35,PM,456.37
03:57:36,PM,456.37
03:57:37,PM,456.37
03:57:38,PM,456.37
03:57:39,PM,456.37
03:57:40,PM,456.37
03:57:41,PM,456.37
03:57:42,PM,456.37
03:57:43,PM,456.37
03:57:44,PM,456.37
03:57:45,PM,456.37
03:57:46,PM,456.37
03:57:47,PM,456.37
03:57:48,PM,456.37
03:57:49,PM,456.37
03:57:50,PM,456.37
03:57:51,PM,456.37
03:57:52,PM,456.37
03:57:53,PM,456.37
03:57:54,PM,456.37
03:57:55,PM,456.37
03:57:56,PM,456.37
03:57:57,PM,456.37
03:57:58,PM,456.37
03:57:59,PM,456.37
03:58:00,PM,456.37
03:58:01,PM,456.37
03:58:02,PM,456.37
03:58:03,PM,456.37
03:58:04,PM,456.37
03:58:05,PM,456.37
03:58:06,PM,456.37
03:58:07,PM,456.37
03:58:08,PM,456.37
03:58:09,PM,456.37
03:58:10,PM,456.37
03:58:11,PM,456.37
03:58:12,PM,456.37
03:58:13,PM,456.37
03:58:14,PM,456.37
03:58:15,PM,456.37
03:58:16,PM,456.37
03:58:17,PM,456.37
03:58:18,PM,456.37
03:58:19,PM,456.37
03:58:20,PM,456.37
03:58:21,PM,456.37
03:58:22,PM,456.37
03:58:23,PM,456.37
03:58:24,PM,456.37
03:58:25,PM,456.37
03:58:26,PM,456.37
03:58:27,PM,456.37
03:58:28,PM,456.37
03:58:29,PM,456.37
03:58:30,PM,456.37
03:58:31,PM,456.37
03:58:32,PM,456.37
03:58:33,PM,456.37
03:58:34,PM,456.37
03:58:35,PM,456.37
03:58:36,PM,456.37
03:58:37,PM,456.37
03:58:38,PM,456.37
03:58:39,PM,456.37
03:58:40,PM,456.37
03:58:41,PM,456.37
03:58:42,PM,456.37
03:58:43,PM,456.37
03:58:44,PM,456.37
03:58:45,PM,456.37
03:58:46,PM,456.37
03:58:47,PM,456.37
03:58:48,PM,456.37
03:58:49,PM,456.37
03:58:50,PM,456.37
03:58:51,PM,456.37
03:58:52,PM,456.37
03:58:53,PM,456.37
03:58:54,PM,456.37
03:58:55,PM,456.37
03:58:56,PM,456.37
03:58:57,PM,456.37
03:58:58,PM,456.37
03:58:59,PM,456.37
03:59:00,PM,456.37
03:59:01,PM,456.37
03:59:02,PM,456.37
03:59:03,PM,456.37
03:59:04,PM,456.37
03:59:05,PM,456.37
03:59:06,PM,456.37
03:59:07,PM,456.37
03:59:08,PM,456.37
03:59:09,PM,456.37
03:59:10,PM,456.50
03:59:11,PM,456.50
03:59:12,PM,456.50
03:59:13,PM,456.50
03:59:14,PM,456.50
03:59:15,PM,456.50
03:59:16,PM,456.50
03:59:17,PM,456.50
03:59:18,PM,456.50
03:59:19,PM,456.50
03:59:20,PM,456.50
03:59:21,PM,456.50
03:59:22,PM,456.50
03:59:23,PM,456.50
03:59:24,PM,456.50
03:59:25,PM,456.50
03:59:26,PM,456.50
03:59:27,PM,456.50
03:59:28,PM,456.50
03:59:29,PM,456.50
03:59:30,PM,456.50
03:59:31,PM,456.50
03:59:32,PM,456.50
03:59:33,PM,456.50
03:59:34,PM,456.50
03:59:35,PM,456.50
03:59:36,PM,456.50
03:59:37,PM,456.50
03:59:38,PM,456.50
03:59:39,PM,456.50
03:59:40,PM,456.50
03:59:41,PM,456.50
03:59:42,PM,456.50
03:59:43,PM,456.50
03:59:44,PM,456.50
03:59:45,PM,456.50
03:59:46,PM,456.50
03:59:47,PM,456.50
03:59:48,PM,456.50
03:59:49,PM,456.50
03:59:50,PM,456.50
03:59:51,PM,456.50
03:59:52,PM,456.50
03:59:53,PM,456.50
03:59:54,PM,456.50
03:59:55,PM,456.50
03:59:56,PM,456.50
03:59:57,PM,456.50
03:59:58,PM,456.50
03:59:59,PM,456.50
04:00:00,PM,456.50
04:00:01,PM,456.50
04:00:02,PM,456.50
04:00:03,PM,456.50
04:00:04,PM,456.50
04:00:05,PM,456.50
04:00:06,PM,456.50
04:00:07,PM,456.50
04:00:08,PM,456.50
04:00:09,PM,456.50
04:00:10,PM,456.50
04:00:11,PM,456.50
04:00:12,PM,456.50
04:00:13,PM,456.50
04:00:14,PM,456.50
04:00:15,PM,456.50
04:00:16,PM,456.50
04:00:17,PM,456.50
04:00:18,PM,456.50
04:00:19,PM,456.50
04:00:20,PM,456.50
04:00:21,PM,456.50
04:00:22,PM,456.50
04:00:23,PM,456.50
04:00:24,PM,456.50
04:00:25,PM,456.50
04:00:26,PM,456.50
04:00:27,PM,456.50
04:00:28,PM,456.50
04:00:29,PM,456.50
04:00:30,PM,456.50
04:00:31,PM,456.50
04:00:32,PM,456.50
04:00:33,PM,456.50
04:00:34,PM,456.50
04:00:35,PM,456.50
04:00:36,PM,456.50
04:00:37,PM,456.50
04:00:38,PM,456.50
04:00:39,PM,456.50
04:00:40,PM,456.50
04:00:41,PM,456.50
04:00:42,PM,456.50
04:00:43,PM,456.50
04:00:44,PM,456.50
04:00:45,PM,456.50
04:00:46,PM,456.50
04:00:47,PM,456.50
04:00:48,PM,456.50
04:00:49,PM,456.50
04:00:50,PM,456.50
04:00:51,PM,456.50
04:00:52,PM,456.50
04:00:53,PM,456.50
04:00:54,PM,456.50
04:00:55,PM,456.50
04:00:56,PM,456.50
04:00:57,PM,456.50
04:00:58,PM,456.50
04:00:59,PM,456.50
04:01:00,PM,456.50
04:01:01,PM,456.50
04:01:02,PM,456.50
04:01:03,PM,456.50
04:01:04,PM,456.50
04:01:05,PM,456.50
04:01:06,PM,456.50
04:01:07,PM,456.50
04:01:08,PM,456.50
04:01:09,PM,456.50
04:01:10,PM,456.50
04:01:11,PM,456.50
04:01:12,PM,456.50
04:01:13,PM,456.50
04:01:14,PM,456.50
04:01:15,PM,456.50
04:01:16,PM,456.50
04:01:17,PM,456.50
04:01:18,PM,456.50
04:01:19,PM,456.50
04:01:20,PM,456.50
04:01:21,PM,456.50
04:01:22,PM,456.50
04:01:23,PM,456.50
04:01:24,PM,456.50
04:01:25,PM,456.50
04:01:26,PM,456.50
04:01:27,PM,456.50
04:01:28,PM,456.50
04:01:29,PM,456.50
04:01:30,PM,456.50
04:01:31,PM,456.50
04:01:32,PM,456.50
04:01:33,PM,456.50
04:01:34,PM,456.50
04:01:35,PM,456.50
04:01:36,PM,456.50
04:01:37,PM,456.50
04:01:38,PM,456.50
04:01:39,PM,456.50
04:01:40,PM,456.50
04:01:41,PM,456.50
04:01:42,PM,456.50
04:01:43,PM,456.50
04:01:44,PM,456.50
04:01:45,PM,456.50
04:01:46,PM,456.50
04:01:47,PM,456.50
04:01:48,PM,456.50
04:01:49,PM,456.50
04:01:50,PM,456.50
04:01:51,PM,456.50
04:01:52,PM,456.50
04:01:53,PM,456.50
04:01:54,PM,456.50
04:01:55,PM,456.50
04:01:56,PM,456.50
04:01:57,PM,456.50
04:01:58,PM,456.50
04:01:59,PM,456.50
04:02:00,PM,456.50
04:02:01,PM,456.50
04:02:02,PM,456.50
04:02:03,PM,456.50
04:02:04,PM,456.50
04:02:05,PM,456.50
04:02:06,PM,456.50
04:02:07,PM,456.50
04:02:08,PM,456.50
04:02:09,PM,456.50
04:02:10,PM,456.50
04:02:11,PM,456.50
04:02:12,PM,456.50
04:02:13,PM,456.50
04:02:14,PM,456.50
04:02:15,PM,456.50
04:02:16,PM,456.50
04:02:17,PM,456.50
04:02:18,PM,456.50
04:02:19,PM,456.50
04:02:20,PM,456.50
04:02:21,PM,456.50
04:02:22,PM,456.50
04:02:23,PM,456.50
04:02:24,PM,456.50
04:02:25,PM,456.50
04:02:26,PM,456.50
04:02:27,PM,456.50
04:02:28,PM,456.50
04:02:29,PM,456.50
04:02:30,PM,456.50
04:02:31,PM,456.50
04:02:32,PM,456.50
04:02:33,PM,456.50
04:02:34,PM,456.50
04:02:35,PM,456.50
04:02:36,PM,456.50
04:02:37,PM,456.50
04:02:38,PM,456.50
04:02:39,PM,456.50
04:02:40,PM,456.50
04:02:41,PM,456.50
04:02:42,PM,456.50
04:02:43,PM,456.50
04:02:44,PM,456.50
04:02:45,PM,456.50
04:02:46,PM,456.50
04:02:47,PM,456.50
04:02:48,PM,456.50
04:02:49,PM,456.50
04:02:50,PM,456.50
04:02:51,PM,456.50
04:02:52,PM,456.50
04:02:53,PM,456.50
04:02:54,PM,456.50
04:02:55,PM,456.50
04:02:56,PM,456.50
04:02:57,PM,456.50
04:02:58,PM,456.50
04:02:59,PM,456.50
04:03:00,PM,456.50
04:03:01,PM,456.50
04:03:02,PM,456.50
04:03:03,PM,456.50
04:03:04,PM,456.50
04:03:05,PM,456.50
04:03:06,PM,456.50
04:03:07,PM,456.50
04:03:08,PM,456.50
04:03:09,PM,456.50
04:03:10,PM,456.50
04:03:11,PM,456.50
04:03:12,PM,456.50
04:03:13,PM,456.50
04:03:14,PM,456.50
04:03:15,PM,456.50
04:03:16,PM,456.50
04:03:17,PM,456.50
04:03:18,PM,456.50
04:03:19,PM,456.50
04:03:20,PM,456.50
04:03:21,PM,456.50
04:03:22,PM,456.50
04:03:23,PM,456.50
04:03:24,PM,456.50
04:03:25,PM,456.50
04:03:26,PM,456.50
04:03:27,PM,456.50
04:03:28,PM,456.50
04:03:29,PM,456.50
04:03:30,PM,456.50
04:03:31,PM,456.50
04:03:32,PM,456.50
04:03:33,PM,456.50
04:03:34,PM,456.50
04:03:35,PM,456.50
04:03:36,PM,456.50
04:03:37,PM,456.50
04:03:38,PM,456.50
04:03:39,PM,456.50
04:03:40,PM,456.50
04:03:41,PM,456.50
04:03:42,PM,456.50
04:03:43,PM,456.50
04:03:44,PM,456.50
04:03:45,PM,456.50
04:03:46,PM,456.50
04:03:47,PM,456.50
04:03:48,PM,456.50
04:03:49,PM,456.50
04:03:50,PM,456.50
04:03:51,PM,456.50
04:03:52,PM,456.50
04:03:53,PM,456.50
04:03:54,PM,456.50
04:03:55,PM,456.50
04:03:56,PM,456.50
04:03:57,PM,456.50
04:03:58,PM,456.50
04:03:59,PM,456.50
04:04:00,PM,456.50
04:04:01,PM,456.50
04:04:02,PM,456.50
04:04:03,PM,456.50
04:04:04,PM,456.50
04:04:05,PM,456.50
04:04:06,PM,456.50
04:04:07,PM,456.50
04:04:08,PM,456.50
04:04:09,PM,456.50
04:04:10,PM,456.50
04:04:11,PM,456.50
04:04:12,PM,456.50
04:04:13,PM,456.50
04:04:14,PM,456.50
04:04:15,PM,456.50
04:04:16,PM,456.50
04:04:17,PM,456.50
04:04:18,PM,456.50
04:04:19,PM,456.50
04:04:20,PM,456.50
04:04:21,PM,456.50
04:04:22,PM,456.50
04:04:23,PM,456.50
04:04:24,PM,456.50
04:04:25,PM,456.50
04:04:26,PM,456.50
04:04:27,PM,456.50
04:04:28,PM,456.50
04:04:29,PM,456.50
04:04:30,PM,456.50
04:04:31,PM,456.50
04:04:32,PM,456.50
04:04:33,PM,456.50
04:04:34,PM,456.50
04:04:35,PM,456.50
04:04:36,PM,456.50
04:04:37,PM,456.50
04:04:38,PM,456.50
04:04:39,PM,456.50
04:04:40,PM,456.50
04:04:41,PM,456.50
04:04:42,PM,456.50
04:04:43,PM,456.50
04:04:44,PM,456.50
04:04:45,PM,456.50
04:04:46,PM,456.50
04:04:47,PM,456.50
04:04:48,PM,456.50
04:04:49,PM,456.50
04:04:50,PM,456.50
04:04:51,PM,456.50
04:04:52,PM,456.50
04:04:54,PM,456.50
04:04:55,PM,456.50
04:04:56,PM,456.50
04:04:57,PM,456.50
04:04:58,PM,456.50
04:04:59,PM,456.50
04:05:00,PM,456.50
04:05:01,PM,456.50
04:05:02,PM,456.50
04:05:03,PM,456.50
04:05:04,PM,456.50
04:05:05,PM,456.50
04:05:06,PM,456.50
04:05:07,PM,456.50
04:05:08,PM,456.50
04:05:09,PM,456.50
04:05:10,PM,456.50
04:05:11,PM,456.50
04:05:12,PM,456.50
04:05:13,PM,456.50
04:05:14,PM,456.50
04:05:15,PM,456.50
04:05:16,PM,456.50
04:05:17,PM,456.50
04:05:18,PM,456.50
04:05:19,PM,456.50
04:05:20,PM,456.50
04:05:21,PM,456.50
04:05:22,PM,456.50
04:05:23,PM,456.50
04:05:24,PM,456.50
04:05:25,PM,456.50
04:05:26,PM,456.50
04:05:27,PM,456.50
04:05:28,PM,456.50
04:05:29,PM,456.50
04:05:30,PM,456.50
04:05:31,PM,456.50
04:05:32,PM,456.50
04:05:33,PM,456.50
04:05:34,PM,456.50
04:05:35,PM,456.50
04:05:36,PM,456.50
04:05:37,PM,456.50
04:05:38,PM,456.50
04:05:39,PM,456.50
04:05:40,PM,456.50
04:05:41,PM,456.50
04:05:42,PM,456.50
04:05:43,PM,456.50
04:05:44,PM,456.50
04:05:45,PM,456.50
04:05:46,PM,456.50
04:05:47,PM,456.50
04:05:48,PM,456.50
04:05:49,PM,456.50
04:05:50,PM,456.50
04:05:51,PM,456.50
04:05:52,PM,456.50
04:05:53,PM,456.50
04:05:54,PM,456.50
04:05:55,PM,456.50
04:05:56,PM,456.50
04:05:57,PM,456.50
04:05:58,PM,456.50
04:05:59,PM,456.50
04:06:00,PM,456.50
04:06:01,PM,456.50
04:06:02,PM,456.50
04:06:03,PM,456.50
04:06:04,PM,456.50
04:06:05,PM,456.50
04:06:06,PM,456.50
04:06:07,PM,456.50
04:06:08,PM,456.50
04:06:09,PM,456.50
04:06:10,PM,456.50
04:06:11,PM,456.50
04:06:12,PM,456.50
04:06:13,PM,456.50
04:06:14,PM,456.50
04:06:15,PM,456.50
04:06:16,PM,456.50
04:06:17,PM,456.50
04:06:18,PM,456.50
04:06:19,PM,456.50
04:06:20,PM,456.50
04:06:21,PM,456.50
04:06:22,PM,456.50
04:06:23,PM,456.50
04:06:24,PM,456.50
04:06:25,PM,456.50
04:06:26,PM,456.50
04:06:27,PM,456.50
04:06:28,PM,456.50
04:06:29,PM,456.50
04:06:30,PM,456.50
04:06:31,PM,456.50
04:06:32,PM,456.50
04:06:33,PM,456.50
04:06:34,PM,456.50
04:06:35,PM,456.50
04:06:36,PM,456.50
04:06:37,PM,456.50
04:06:38,PM,456.50
04:06:39,PM,456.50
04:06:40,PM,456.50
04:06:41,PM,456.50
04:06:42,PM,456.50
04:06:43,PM,456.50
04:06:44,PM,456.50
04:06:45,PM,456.50
04:06:46,PM,456.50
04:06:47,PM,456.50
04:06:48,PM,456.50
04:06:49,PM,456.50
04:06:50,PM,456.50
04:06:51,PM,456.50
04:06:52,PM,456.50
04:06:53,PM,456.50
04:06:54,PM,456.50
04:06:55,PM,456.50
04:06:56,PM,456.50
04:06:57,PM,456.50
04:06:58,PM,456.50
04:06:59,PM,456.50
04:07:00,PM,456.50
04:07:01,PM,456.50
04:07:02,PM,456.50
04:07:03,PM,456.50
04:07:04,PM,456.50
04:07:05,PM,456.50
04:07:06,PM,456.50
04:07:07,PM,456.50
04:07:08,PM,456.50
04:07:09,PM,456.50
04:07:10,PM,456.50
04:07:11,PM,456.50
04:07:12,PM,456.50
04:07:13,PM,456.50
04:07:14,PM,456.50
04:07:15,PM,456.50
04:07:16,PM,456.50
04:07:17,PM,456.50
04:07:18,PM,456.50
04:07:19,PM,456.50
04:07:20,PM,456.50
04:07:21,PM,456.50
04:07:22,PM,456.50
04:07:23,PM,456.50
04:07:24,PM,456.50
04:07:25,PM,456.50
04:07:26,PM,456.50
04:07:27,PM,456.50
04:07:28,PM,456.50
04:07:29,PM,456.50
04:07:30,PM,456.50
04:07:31,PM,456.50
04:07:32,PM,456.50
04:07:33,PM,456.50
04:07:34,PM,456.50
04:07:35,PM,456.50
04:07:36,PM,456.50
04:07:37,PM,456.50
04:07:38,PM,456.50
04:07:39,PM,456.50
04:07:40,PM,456.50
04:07:41,PM,456.50
04:07:42,PM,456.50
04:07:43,PM,456.50
04:07:44,PM,456.50
04:07:45,PM,456.50
04:07:46,PM,456.50
04:07:47,PM,456.50
04:07:48,PM,456.50
04:07:49,PM,456.50
04:07:50,PM,456.50
04:07:51,PM,456.50
04:07:52,PM,456.50
04:07:53,PM,456.50
04:07:54,PM,456.50
04:07:55,PM,456.50
04:07:56,PM,456.50
04:07:57,PM,456.50
04:07:58,PM,456.50
04:07:59,PM,456.50
04:08:00,PM,456.50
04:08:01,PM,456.50
04:08:02,PM,456.50
04:08:03,PM,456.50
04:08:04,PM,456.50
04:08:05,PM,456.50
04:08:06,PM,456.50
04:08:07,PM,456.50
04:08:08,PM,456.50
04:08:09,PM,456.50
04:08:10,PM,456.50
04:08:11,PM,456.50
04:08:12,PM,456.50
04:08:13,PM,456.50
04:08:14,PM,456.50
04:08:15,PM,456.50
04:08:16,PM,456.50
04:08:17,PM,456.50
04:08:18,PM,456.50
04:08:19,PM,456.50
04:08:20,PM,456.50
04:08:21,PM,456.50
04:08:22,PM,456.50
04:08:23,PM,456.50
04:08:24,PM,456.50
04:08:25,PM,456.50
04:08:26,PM,456.50
04:08:27,PM,456.50
04:08:28,PM,456.50
04:08:29,PM,456.50
04:08:30,PM,456.50
04:08:31,PM,456.50
04:08:32,PM,456.50
04:08:33,PM,456.50
04:08:34,PM,456.50
04:08:35,PM,456.50
04:08:36,PM,456.50
04:08:37,PM,456.50
04:08:38,PM,456.50
04:08:39,PM,456.50
04:08:40,PM,456.50
04:08:41,PM,456.50
04:08:42,PM,456.50
04:08:43,PM,456.50
04:08:44,PM,456.50
04:08:45,PM,456.50
04:08:46,PM,456.50
04:08:47,PM,456.50
04:08:48,PM,456.50
04:08:49,PM,456.50
04:08:50,PM,456.50
04:08:51,PM,456.50
04:08:52,PM,456.50
04:08:53,PM,456.50
04:08:54,PM,456.50
04:08:55,PM,456.50
04:08:56,PM,456.50
04:08:57,PM,456.50
04:08:58,PM,456.50
04:08:59,PM,456.50
04:09:00,PM,456.50
04:09:01,PM,456.50
04:09:02,PM,456.50
04:09:03,PM,456.50
04:09:04,PM,456.50
04:09:05,PM,456.50
04:09:06,PM,456.50
04:09:07,PM,456.50
04:09:08,PM,456.50
04:09:09,PM,456.50
04:09:10,PM,456.50
04:09:11,PM,456.50
04:09:12,PM,456.50
04:09:13,PM,456.50
04:09:14,PM,456.50
04:09:15,PM,456.50
04:09:16,PM,456.50
04:09:17,PM,456.50
04:09:18,PM,456.50
04:09:19,PM,456.50
04:09:20,PM,456.50
04:09:21,PM,456.50
04:09:22,PM,456.50
04:09:23,PM,456.50
04:09:24,PM,456.50
04:09:25,PM,456.50
04:09:26,PM,456.50
04:09:27,PM,456.50
04:09:28,PM,456.50
04:09:29,PM,456.50
04:09:30,PM,456.50
04:09:31,PM,456.50
04:09:32,PM,456.50
04:09:33,PM,456.50
04:09:34,PM,456.50
04:09:35,PM,456.50
04:09:36,PM,456.50
04:09:37,PM,456.50
04:09:38,PM,456.50
04:09:39,PM,456.50
04:09:40,PM,456.50
04:09:41,PM,456.50
04:09:42,PM,456.50
04:09:43,PM,456.50
04:09:44,PM,456.50
04:09:45,PM,456.50
04:09:46,PM,456.50
04:09:47,PM,456.50
04:09:48,PM,456.50
04:09:49,PM,456.50
04:09:50,PM,456.50
04:09:51,PM,456.50
04:09:52,PM,456.50
04:09:53,PM,456.50
04:09:54,PM,456.50
04:09:55,PM,456.50
04:09:56,PM,456.50
04:09:57,PM,456.50
04:09:58,PM,456.50
04:09:59,PM,456.50
04:10:00,PM,456.50
04:10:01,PM,456.50
04:10:02,PM,456.50
04:10:03,PM,456.50
04:10:04,PM,456.50
04:10:05,PM,456.50
04:10:06,PM,456.50
04:10:07,PM,456.50
04:10:08,PM,456.50
04:10:09,PM,456.50
04:10:10,PM,456.50
04:10:11,PM,456.50
04:10:12,PM,456.50
04:10:13,PM,456.50
04:10:14,PM,456.50
04:10:15,PM,456.50
04:10:16,PM,456.50
04:10:17,PM,456.50
04:10:18,PM,456.50
04:10:19,PM,456.50
04:10:20,PM,456.50
04:10:21,PM,456.50
04:10:22,PM,456.50
04:10:23,PM,456.50
04:10:24,PM,456.50
04:10:25,PM,456.50
04:10:26,PM,456.50
04:10:27,PM,456.50
04:10:28,PM,456.50
04:10:29,PM,456.50
04:10:30,PM,456.50
04:10:31,PM,456.50
04:10:32,PM,456.50
04:10:33,PM,456.50
04:10:34,PM,456.50
04:10:35,PM,456.50
04:10:36,PM,456.50
04:10:37,PM,456.50
04:10:38,PM,456.50
04:10:39,PM,456.50
04:10:40,PM,456.50
04:10:41,PM,456.50
04:10:42,PM,456.50
04:10:43,PM,456.50
04:10:44,PM,456.50
04:10:45,PM,456.50
04:10:46,PM,456.50
04:10:47,PM,456.50
04:10:48,PM,456.50
04:10:49,PM,456.50
04:10:50,PM,456.50
04:10:51,PM,456.50
04:10:52,PM,456.50
04:10:53,PM,456.50
04:10:54,PM,456.50
04:10:55,PM,456.50
04:10:56,PM,456.50
04:10:57,PM,456.50
04:10:58,PM,456.50
04:10:59,PM,456.50
04:11:00,PM,456.50
04:11:01,PM,456.50
04:11:02,PM,456.50
04:11:03,PM,456.50
04:11:04,PM,456.50
04:11:05,PM,456.50
04:11:06,PM,456.50
04:11:07,PM,456.50
04:11:08,PM,456.50
04:11:09,PM,456.50
04:11:10,PM,456.50
04:11:11,PM,456.50
04:11:12,PM,456.50
04:11:13,PM,456.50
04:11:14,PM,456.50
04:11:15,PM,456.50
04:11:16,PM,456.50
04:11:17,PM,456.50
04:11:18,PM,456.50
04:11:19,PM,456.50
04:11:20,PM,456.50
04:11:21,PM,456.50
04:11:22,PM,456.50
04:11:23,PM,456.50
04:11:24,PM,456.50
04:11:25,PM,456.50
04:11:26,PM,456.50
04:11:27,PM,456.50
04:11:28,PM,456.50
04:11:29,PM,456.50
04:11:30,PM,456.50
04:11:31,PM,456.50
04:11:32,PM,456.50
04:11:33,PM,456.50
04:11:34,PM,456.50
04:11:35,PM,456.50
04:11:36,PM,456.50
04:11:37,PM,456.50
04:11:38,PM,456.50
04:11:39,PM,456.50
04:11:40,PM,456.50
04:11:41,PM,456.50
04:11:42,PM,456.50
04:11:43,PM,456.50
04:11:44,PM,456.50
04:11:45,PM,456.50
04:11:46,PM,456.50
04:11:47,PM,456.50
04:11:48,PM,456.50
04:11:49,PM,456.50
04:11:50,PM,456.50
04:11:51,PM,456.50
04:11:52,PM,456.50
04:11:53,PM,456.50
04:11:54,PM,456.50
04:11:55,PM,456.50
04:11:56,PM,456.50
04:11:57,PM,456.50
04:11:58,PM,456.50
04:11:59,PM,456.50
04:12:00,PM,456.50
04:12:01,PM,456.50
04:12:02,PM,456.50
04:12:03,PM,456.50
04:12:04,PM,456.50
04:12:05,PM,456.50
04:12:06,PM,456.50
04:12:07,PM,456.50
04:12:08,PM,456.50
04:12:09,PM,456.50
04:12:10,PM,456.50
04:12:11,PM,456.50
04:12:12,PM,456.50
04:12:13,PM,456.50
04:12:14,PM,456.50
04:12:15,PM,456.50
04:12:16,PM,456.50
04:12:17,PM,456.50
04:12:18,PM,456.50
04:12:19,PM,456.50
04:12:20,PM,456.50
04:12:21,PM,456.50
04:12:22,PM,456.50
04:12:23,PM,456.50
04:12:24,PM,456.50
04:12:25,PM,456.50
04:12:26,PM,456.50
04:12:27,PM,456.50
04:12:28,PM,456.50
04:12:29,PM,456.50
04:12:30,PM,456.50
04:12:31,PM,456.50
04:12:32,PM,456.50
04:12:33,PM,456.50
04:12:34,PM,456.50
04:12:35,PM,456.50
04:12:36,PM,456.50
04:12:37,PM,456.50
04:12:38,PM,456.50
04:12:39,PM,456.50
04:12:40,PM,456.50
04:12:41,PM,456.50
04:12:42,PM,456.50
04:12:43,PM,456.50
04:12:44,PM,456.50
04:12:45,PM,456.50
04:12:46,PM,456.50
04:12:47,PM,456.50
04:12:48,PM,456.50
04:12:49,PM,456.50
04:12:50,PM,456.50
04:12:51,PM,456.50
04:12:52,PM,456.50
04:12:53,PM,456.50
04:12:54,PM,456.50
04:12:55,PM,456.50
04:12:56,PM,456.50
04:12:57,PM,456.50
04:12:58,PM,456.50
04:12:59,PM,456.50
04:13:00,PM,456.50
04:13:01,PM,456.50
04:13:02,PM,456.50
04:13:03,PM,456.50
04:13:04,PM,456.50
04:13:05,PM,456.50
04:13:06,PM,456.50
04:13:07,PM,456.50
04:13:08,PM,456.50
04:13:09,PM,456.50
04:13:10,PM,456.50
04:13:11,PM,456.50
04:13:12,PM,456.50
04:13:13,PM,456.50
04:13:14,PM,456.50
04:13:15,PM,456.50
04:13:16,PM,456.50
04:13:17,PM,456.50
04:13:18,PM,456.50
04:13:19,PM,456.50
04:13:20,PM,456.50
04:13:21,PM,456.50
04:13:22,PM,456.50
04:13:23,PM,456.50
04:13:24,PM,456.50
04:13:25,PM,456.50
04:13:26,PM,456.50
04:13:27,PM,456.50
04:13:28,PM,456.50
04:13:29,PM,456.50
04:13:30,PM,456.50
04:13:31,PM,456.50
04:13:32,PM,456.50
04:13:33,PM,456.50
04:13:34,PM,456.50
04:13:35,PM,456.50
04:13:36,PM,456.50
04:13:37,PM,456.50
04:13:38,PM,456.50
04:13:39,PM,456.50
04:13:40,PM,456.50
04:13:41,PM,456.50
04:13:42,PM,456.50
04:13:43,PM,456.50
04:13:44,PM,456.50
04:13:45,PM,456.50
04:13:46,PM,456.50
04:13:47,PM,456.50
04:13:48,PM,456.50
04:13:49,PM,456.50
04:13:50,PM,456.50
04:13:51,PM,456.50
04:13:52,PM,456.50
04:13:53,PM,456.50
04:13:54,PM,456.50
04:13:55,PM,456.50
04:13:56,PM,456.50
04:13:57,PM,456.50
04:13:58,PM,456.50
04:13:59,PM,456.50
04:14:00,PM,456.50
04:14:01,PM,456.50
04:14:02,PM,456.50
04:14:03,PM,456.50
04:14:04,PM,456.50
04:14:05,PM,456.50
04:14:06,PM,456.50
04:14:07,PM,456.50
04:14:08,PM,456.50
04:14:09,PM,456.50
04:14:10,PM,456.50
04:14:11,PM,456.50
04:14:12,PM,456.50
04:14:13,PM,456.50
04:14:14,PM,456.50
04:14:15,PM,456.50
04:14:16,PM,456.50
04:14:17,PM,456.50
04:14:18,PM,456.50
04:14:19,PM,456.50
04:14:20,PM,456.50
04:14:21,PM,456.50
04:14:22,PM,456.50
04:14:23,PM,456.50
04:14:24,PM,456.50
04:14:25,PM,456.50
04:14:26,PM,456.50
04:14:27,PM,456.50
04:14:28,PM,456.50
04:14:29,PM,456.50
04:14:30,PM,456.50
04:14:31,PM,456.50
04:14:32,PM,456.50
04:14:33,PM,456.50
04:14:34,PM,456.50
04:14:35,PM,456.50
04:14:36,PM,456.50
04:14:37,PM,456.50
04:14:38,PM,456.50
04:14:39,PM,456.50
04:14:40,PM,456.50
04:14:41,PM,456.50
04:14:42,PM,456.50
04:14:43,PM,456.50
04:14:44,PM,456.50
04:14:45,PM,456.50
04:14:46,PM,456.50
04:14:47,PM,456.50
04:14:48,PM,456.50
04:14:49,PM,456.50
04:14:50,PM,456.50
04:14:51,PM,456.50
04:14:52,PM,456.50
04:14:53,PM,456.50
04:14:54,PM,456.50
04:14:55,PM,456.50
04:14:56,PM,456.50
04:14:57,PM,456.50
04:14:58,PM,456.50
04:14:59,PM,456.50
04:15:00,PM,456.50
04:15:01,PM,456.50
04:15:02,PM,456.50
04:15:03,PM,456.50
04:15:04,PM,456.50
04:15:05,PM,456.50
04:15:06,PM,456.50
04:15:07,PM,456.50
04:15:08,PM,456.50
04:15:09,PM,456.50
04:15:10,PM,456.50
04:15:11,PM,456.50
04:15:12,PM,456.50
04:15:13,PM,456.50
04:15:14,PM,456.50
04:15:15,PM,456.50
04:15:16,PM,456.50
04:15:17,PM,456.50
04:15:18,PM,456.50
04:15:19,PM,456.50
04:15:20,PM,456.50
04:15:21,PM,456.50
04:15:22,PM,456.50
04:15:23,PM,456.50
04:15:24,PM,456.50
04:15:25,PM,456.50
04:15:26,PM,456.50
04:15:27,PM,456.50
04:15:28,PM,456.50
04:15:29,PM,456.50
04:15:30,PM,456.50
04:15:31,PM,456.50
04:15:32,PM,456.50
04:15:33,PM,456.50
04:15:34,PM,456.50
04:15:35,PM,456.50
04:15:36,PM,456.50
04:15:37,PM,456.50
04:15:38,PM,456.50
04:15:39,PM,456.50
04:15:40,PM,456.50
04:15:41,PM,456.50
04:15:42,PM,456.50
04:15:43,PM,456.50
04:15:44,PM,456.50
04:15:45,PM,456.50
04:15:46,PM,456.50
04:15:47,PM,456.50
04:15:48,PM,456.50
04:15:49,PM,456.50
04:15:50,PM,456.50
04:15:51,PM,456.50
04:15:52,PM,456.50
04:15:53,PM,456.50
04:15:54,PM,456.50
04:15:55,PM,456.50
04:15:56,PM,456.50
04:15:57,PM,456.50
04:15:58,PM,456.50
04:15:59,PM,456.50
04:16:00,PM,456.50
04:16:01,PM,456.50
04:16:02,PM,456.50
04:16:03,PM,456.50
04:16:04,PM,456.50
04:16:05,PM,456.50
04:16:06,PM,456.50
04:16:07,PM,456.50
04:16:08,PM,456.50
04:16:09,PM,456.50
04:16:10,PM,456.50
04:16:11,PM,456.50
04:16:12,PM,456.50
04:16:13,PM,456.50
04:16:14,PM,456.50
04:16:15,PM,456.50
04:16:16,PM,456.50
04:16:17,PM,456.50
04:16:18,PM,456.50
04:16:19,PM,456.50
04:16:20,PM,456.50
04:16:21,PM,456.50
04:16:22,PM,456.50
04:16:23,PM,456.50
04:16:24,PM,456.50
04:16:25,PM,456.50
04:16:26,PM,456.50
04:16:27,PM,456.50
04:16:28,PM,456.50
04:16:29,PM,456.50
04:16:30,PM,456.50
04:16:31,PM,456.50
04:16:32,PM,456.50
04:16:33,PM,456.50
04:16:34,PM,456.50
04:16:35,PM,456.50
04:16:36,PM,456.50
04:16:37,PM,456.50
04:16:38,PM,456.50
04:16:39,PM,456.50
04:16:40,PM,456.50
04:16:41,PM,456.50
04:16:42,PM,456.50
04:16:43,PM,456.50
04:16:44,PM,456.50
04:16:45,PM,456.50
04:16:46,PM,456.50
04:16:47,PM,456.50
04:16:48,PM,456.50
04:16:49,PM,456.50
04:16:50,PM,456.50
04:16:51,PM,456.50
04:16:52,PM,456.50
04:16:53,PM,456.50
04:16:54,PM,456.50
04:16:55,PM,456.50
04:16:56,PM,456.50
04:16:57,PM,456.50
04:16:58,PM,456.50
04:16:59,PM,456.50
04:17:00,PM,456.50
04:17:01,PM,456.50
04:17:02,PM,456.50
04:17:03,PM,456.50
04:17:04,PM,456.50
04:17:05,PM,456.50
04:17:06,PM,456.50
04:17:07,PM,456.50
04:17:08,PM,456.50
04:17:09,PM,456.50
04:17:10,PM,456.50
04:17:11,PM,456.50
04:17:12,PM,456.50
04:17:13,PM,456.50
04:17:14,PM,456.50
04:17:15,PM,456.50
04:17:16,PM,456.50
04:17:17,PM,456.50
04:17:18,PM,456.50
04:17:19,PM,456.50
04:17:20,PM,456.50
04:17:21,PM,456.50
04:17:22,PM,456.50
04:17:23,PM,456.50
04:17:24,PM,456.50
04:17:25,PM,456.50
04:17:26,PM,456.50
04:17:27,PM,456.50
04:17:28,PM,456.50
04:17:29,PM,456.50
04:17:30,PM,456.50
04:17:31,PM,456.50
04:17:32,PM,456.50
04:17:33,PM,456.50
04:17:34,PM,456.50
04:17:35,PM,456.50
04:17:36,PM,456.50
04:17:37,PM,456.50
04:17:38,PM,456.50
04:17:39,PM,456.50
04:17:40,PM,456.50
04:17:41,PM,456.50
04:17:42,PM,456.50
04:17:43,PM,456.50
04:17:44,PM,456.50
04:17:45,PM,456.50
04:17:46,PM,456.50
04:17:47,PM,456.50
04:17:48,PM,456.50
04:17:49,PM,456.50
04:17:50,PM,456.50
04:17:51,PM,456.50
04:17:52,PM,456.50
04:17:53,PM,456.50
04:17:54,PM,456.50
04:17:55,PM,456.50
04:17:56,PM,456.50
04:17:57,PM,456.50
04:17:58,PM,456.50
04:17:59,PM,456.50
04:18:00,PM,456.50
04:18:01,PM,456.50
04:18:02,PM,456.50
04:18:03,PM,456.50
04:18:04,PM,456.50
04:18:05,PM,456.50
04:18:06,PM,456.50
04:18:07,PM,456.50
04:18:08,PM,456.50
04:18:09,PM,456.50
04:18:10,PM,456.50
04:18:11,PM,456.50
04:18:12,PM,456.50
04:18:13,PM,456.50
04:18:14,PM,456.50
04:18:15,PM,456.50
04:18:16,PM,456.50
04:18:17,PM,456.50
04:18:18,PM,456.50
04:18:19,PM,456.50
04:18:20,PM,456.50
04:18:21,PM,456.50
04:18:22,PM,456.50
04:18:23,PM,456.50
04:18:24,PM,456.50
04:18:25,PM,456.50
04:18:26,PM,456.50
04:18:27,PM,456.50
04:18:28,PM,456.50
04:18:29,PM,456.50
04:18:30,PM,456.50
04:18:31,PM,456.50
04:18:32,PM,456.50
04:18:33,PM,456.50
04:18:34,PM,456.50
04:18:35,PM,456.50
04:18:36,PM,456.50
04:18:37,PM,456.50
04:18:38,PM,456.50
04:18:39,PM,456.50
04:18:40,PM,456.50
04:18:41,PM,456.50
04:18:42,PM,456.50
04:18:43,PM,456.50
04:18:44,PM,456.50
04:18:45,PM,456.50
04:18:46,PM,456.50
04:18:47,PM,456.50
04:18:48,PM,456.50
04:18:49,PM,456.50
04:18:50,PM,456.50
04:18:51,PM,456.50
04:18:52,PM,456.50
04:18:53,PM,456.50
04:18:54,PM,456.50
04:18:55,PM,456.50
04:18:56,PM,456.50
04:18:57,PM,456.50
04:18:58,PM,456.50
04:18:59,PM,456.50
04:19:00,PM,456.50
04:19:01,PM,456.50
04:19:02,PM,456.50
04:19:03,PM,456.50
04:19:04,PM,456.50
04:19:05,PM,456.50
04:19:06,PM,456.50
04:19:07,PM,456.50
04:19:08,PM,456.50
04:19:09,PM,456.50
04:19:10,PM,456.50
04:19:11,PM,456.50
04:19:12,PM,456.50
04:19:13,PM,456.50
04:19:14,PM,456.50
04:19:15,PM,456.50
04:19:16,PM,456.50
04:19:17,PM,456.50
04:19:18,PM,456.50
04:19:19,PM,456.50
04:19:20,PM,456.50
04:19:21,PM,456.50
04:19:22,PM,456.50
04:19:23,PM,456.50
04:19:24,PM,456.50
04:19:25,PM,456.50
04:19:26,PM,456.50
04:19:27,PM,456.50
04:19:28,PM,456.50
04:19:29,PM,456.50
04:19:30,PM,456.50
04:19:31,PM,456.50
04:19:32,PM,456.50
04:19:33,PM,456.50
04:19:34,PM,456.50
04:19:35,PM,456.50
04:19:36,PM,456.50
04:19:37,PM,456.50
04:19:38,PM,456.50
04:19:39,PM,456.50
04:19:40,PM,456.50
04:19:41,PM,456.50
04:19:42,PM,456.50
04:19:43,PM,456.50
04:19:44,PM,456.50
04:19:45,PM,456.50
04:19:46,PM,456.50
04:19:47,PM,456.50
04:19:48,PM,456.50
04:19:49,PM,456.50
04:19:50,PM,456.50
04:19:51,PM,456.50
04:19:52,PM,456.50
04:19:53,PM,456.50
04:19:54,PM,456.50
04:19:55,PM,456.50
04:19:56,PM,456.50
04:19:57,PM,456.50
04:19:58,PM,456.50
04:19:59,PM,456.50
04:20:00,PM,456.50
04:20:01,PM,456.50
04:20:02,PM,456.50
04:20:03,PM,456.50
04:20:04,PM,456.50
04:20:05,PM,456.50
04:20:06,PM,456.50
04:20:07,PM,456.50
04:20:08,PM,456.50
04:20:09,PM,456.50
04:20:10,PM,456.50
04:20:11,PM,456.50
04:20:12,PM,456.50
04:20:13,PM,456.50
04:20:14,PM,456.50
04:20:15,PM,456.50
04:20:16,PM,456.50
04:20:17,PM,456.50
04:20:18,PM,456.50
04:20:19,PM,456.50
04:20:20,PM,456.50
04:20:21,PM,456.50
04:20:22,PM,456.50
04:20:23,PM,456.50
04:20:24,PM,456.50
04:20:25,PM,456.50
04:20:26,PM,456.50
04:20:27,PM,456.50
04:20:28,PM,456.50
04:20:29,PM,456.50
04:20:30,PM,456.50
04:20:31,PM,456.50
04:20:32,PM,456.50
04:20:33,PM,456.50
04:20:34,PM,456.50
04:20:35,PM,456.50
04:20:36,PM,456.50
04:20:37,PM,456.50
04:20:38,PM,456.50
04:20:39,PM,456.50
04:20:40,PM,456.50
04:20:41,PM,456.50
04:20:42,PM,456.50
04:20:43,PM,456.50
04:20:44,PM,456.50
04:20:45,PM,456.50
04:20:46,PM,456.50
04:20:47,PM,456.50
04:20:48,PM,456.50
04:20:49,PM,456.50
04:20:50,PM,456.50
04:20:51,PM,456.50
04:20:52,PM,456.50
04:20:53,PM,456.50
04:20:54,PM,456.50
04:20:55,PM,456.50
04:20:56,PM,456.50
04:20:57,PM,456.50
04:20:58,PM,456.50
04:20:59,PM,456.50
04:21:00,PM,456.50
04:21:01,PM,456.50
04:21:02,PM,456.50
04:21:03,PM,456.50
04:21:04,PM,456.50
04:21:05,PM,456.50
04:21:06,PM,456.50
04:21:07,PM,456.50
04:21:08,PM,456.50
04:21:09,PM,456.50
04:21:10,PM,456.50
04:21:11,PM,456.50
04:21:12,PM,456.50
04:21:13,PM,456.50
04:21:14,PM,456.50
04:21:15,PM,456.50
04:21:16,PM,456.50
04:21:17,PM,456.50
04:21:18,PM,456.50
04:21:19,PM,456.50
04:21:20,PM,456.50
04:21:21,PM,456.50
04:21:22,PM,456.50
04:21:23,PM,456.50
04:21:24,PM,456.50
04:21:25,PM,456.50
04:21:26,PM,456.50
04:21:27,PM,456.50
04:21:28,PM,456.50
04:21:29,PM,456.50
04:21:30,PM,456.50
04:21:31,PM,456.50
04:21:32,PM,456.50
04:21:33,PM,456.50
04:21:34,PM,456.50
04:21:35,PM,456.50
04:21:36,PM,456.50
04:21:37,PM,456.50
04:21:38,PM,456.50
04:21:39,PM,456.50
04:21:40,PM,456.50
04:21:41,PM,456.50
04:21:42,PM,456.50
04:21:43,PM,456.50
04:21:44,PM,456.50
04:21:45,PM,456.50
04:21:46,PM,456.50
04:21:47,PM,456.50
04:21:48,PM,456.50
04:21:49,PM,456.50
04:21:50,PM,456.50
04:21:51,PM,456.50
04:21:52,PM,456.50
04:21:53,PM,456.50
04:21:54,PM,456.50
04:21:55,PM,456.50
04:21:56,PM,456.50
04:21:57,PM,456.50
04:21:58,PM,456.50
04:21:59,PM,456.50
04:22:00,PM,456.50
04:22:01,PM,456.50
04:22:02,PM,456.50
04:22:03,PM,456.50
04:22:04,PM,456.50
04:22:05,PM,456.50
04:22:06,PM,456.50
04:22:07,PM,456.50
04:22:08,PM,456.50
04:22:09,PM,456.50
04:22:10,PM,456.50
04:22:11,PM,456.50
04:22:12,PM,456.50
04:22:13,PM,456.50
04:22:14,PM,456.50
04:22:15,PM,456.50
04:22:16,PM,456.50
04:22:17,PM,456.50
04:22:18,PM,456.50
04:22:19,PM,456.50
04:22:20,PM,456.50
04:22:21,PM,456.50
04:22:22,PM,456.50
04:22:23,PM,456.50
04:22:24,PM,456.50
04:22:25,PM,456.50
04:22:26,PM,456.50
04:22:27,PM,456.50
04:22:28,PM,456.50
04:22:29,PM,456.50
04:22:30,PM,456.50
04:22:31,PM,456.50
04:22:32,PM,456.50
04:22:33,PM,456.50
04:22:34,PM,456.50
04:22:35,PM,456.50
04:22:36,PM,456.50
04:22:37,PM,456.50
04:22:38,PM,456.50
04:22:39,PM,456.50
04:22:40,PM,456.50
04:22:41,PM,456.50
04:22:42,PM,456.50
04:22:43,PM,456.50
04:22:44,PM,456.50
04:22:45,PM,456.50
04:22:46,PM,456.50
04:22:47,PM,456.50
04:22:48,PM,456.50
04:22:49,PM,456.50
04:22:50,PM,456.50
04:22:51,PM,456.50
04:22:52,PM,456.50
04:22:53,PM,456.50
04:22:54,PM,456.50
04:22:55,PM,456.50
04:22:56,PM,456.50
04:22:57,PM,456.50
04:22:58,PM,456.50
04:22:59,PM,456.50
04:23:00,PM,456.50
04:23:01,PM,456.50
04:23:02,PM,456.50
04:23:03,PM,456.50
04:23:04,PM,456.50
04:23:05,PM,456.50
04:23:06,PM,456.50
04:23:07,PM,456.50
04:23:08,PM,456.50
04:23:09,PM,456.50
04:23:10,PM,456.50
04:23:11,PM,456.50
04:23:12,PM,456.50
04:23:13,PM,456.50
04:23:14,PM,456.50
04:23:15,PM,456.50
04:23:16,PM,456.50
04:23:17,PM,456.50
04:23:18,PM,456.50
04:23:19,PM,456.50
04:23:20,PM,456.50
04:23:21,PM,456.50
04:23:22,PM,456.50
04:23:23,PM,456.50
04:23:24,PM,456.50
04:23:25,PM,456.50
04:23:26,PM,456.50
04:23:27,PM,456.50
04:23:28,PM,456.50
04:23:29,PM,456.50
04:23:30,PM,456.50
04:23:31,PM,456.50
04:23:32,PM,456.50
04:23:33,PM,456.50
04:23:34,PM,456.50
04:23:35,PM,456.50
04:23:36,PM,456.50
04:23:37,PM,456.50
04:23:38,PM,456.50
04:23:39,PM,456.50
04:23:40,PM,456.50
04:23:41,PM,456.50
04:23:42,PM,456.50
04:23:43,PM,456.50
04:23:44,PM,456.50
04:23:45,PM,456.50
04:23:46,PM,456.50
04:23:47,PM,456.50
04:23:48,PM,456.50
04:23:49,PM,456.50
04:23:50,PM,456.50
04:23:51,PM,456.50
04:23:52,PM,456.50
04:23:53,PM,456.50
04:23:54,PM,456.50
04:23:55,PM,456.50
04:23:56,PM,456.50
04:23:57,PM,456.50
04:23:58,PM,456.50
04:23:59,PM,456.50
04:24:00,PM,456.50
04:24:01,PM,456.50
04:24:02,PM,456.50
04:24:03,PM,456.50
04:24:04,PM,456.50
04:24:05,PM,456.50
04:24:06,PM,456.50
04:24:07,PM,456.50
04:24:08,PM,456.50
04:24:09,PM,456.50
04:24:10,PM,456.50
04:24:11,PM,456.50
04:24:12,PM,456.50
04:24:13,PM,456.50
04:24:14,PM,456.50
04:24:15,PM,456.50
04:24:16,PM,456.50
04:24:17,PM,456.50
04:24:18,PM,456.50
04:24:19,PM,456.50
04:24:20,PM,456.50
04:24:21,PM,456.50
04:24:22,PM,456.50
04:24:23,PM,456.50
04:24:24,PM,456.50
04:24:25,PM,456.50
04:24:26,PM,456.50
04:24:27,PM,456.50
04:24:28,PM,456.50
04:24:29,PM,456.50
04:24:30,PM,456.50
04:24:31,PM,456.50
04:24:32,PM,456.50
04:24:33,PM,456.50
04:24:34,PM,456.50
04:24:35,PM,456.50
04:24:36,PM,456.50
04:24:37,PM,456.50
04:24:38,PM,456.50
04:24:39,PM,456.50
04:24:40,PM,456.50
04:24:41,PM,456.50
04:24:42,PM,456.50
04:24:43,PM,456.50
04:24:44,PM,456.50
04:24:45,PM,456.50
04:24:46,PM,456.50
04:24:47,PM,456.50
04:24:48,PM,456.50
04:24:49,PM,456.50
04:24:50,PM,456.50
04:24:51,PM,456.50
04:24:52,PM,456.50
04:24:53,PM,456.50
04:24:54,PM,456.50
04:24:55,PM,456.50
04:24:56,PM,456.50
04:24:57,PM,456.50
04:24:58,PM,456.50
04:24:59,PM,456.50
04:25:00,PM,456.50
04:25:01,PM,456.50
04:25:02,PM,456.50
04:25:03,PM,456.50
04:25:04,PM,456.50
04:25:05,PM,456.50
04:25:06,PM,456.50
04:25:07,PM,456.50
04:25:08,PM,456.50
04:25:09,PM,456.50
04:25:10,PM,456.50
04:25:11,PM,456.50
04:25:12,PM,456.50
04:25:13,PM,456.50
04:25:14,PM,456.50
04:25:15,PM,456.50
04:25:16,PM,456.50
04:25:17,PM,456.50
04:25:18,PM,456.50
04:25:19,PM,456.50
04:25:20,PM,456.50
04:25:21,PM,456.50
04:25:22,PM,456.50
04:25:23,PM,456.50
04:25:24,PM,456.50
04:25:25,PM,456.50
04:25:26,PM,456.50
04:25:27,PM,456.50
04:25:28,PM,456.50
04:25:29,PM,456.50
04:25:30,PM,456.50
04:25:31,PM,456.50
04:25:32,PM,456.50
04:25:33,PM,456.50
04:25:34,PM,456.50
04:25:35,PM,456.50
04:25:36,PM,456.50
04:25:37,PM,456.50
04:25:38,PM,456.50
04:25:39,PM,456.50
04:25:40,PM,456.50
04:25:41,PM,456.50
04:25:42,PM,456.50
04:25:43,PM,456.50
04:25:44,PM,456.50
04:25:45,PM,456.50
04:25:46,PM,456.50
04:25:47,PM,456.50
04:25:48,PM,456.50
04:25:49,PM,456.50
04:25:50,PM,456.50
04:25:51,PM,456.50
04:25:52,PM,456.50
04:25:53,PM,456.50
04:25:54,PM,456.50
04:25:55,PM,456.50
04:25:56,PM,456.50
04:25:57,PM,456.50
04:25:58,PM,456.50
04:25:59,PM,456.50
04:26:00,PM,456.50
04:26:01,PM,456.50
04:26:02,PM,456.50
04:26:03,PM,456.50
04:26:04,PM,456.50
04:26:05,PM,456.50
04:26:06,PM,456.50
04:26:07,PM,456.50
04:26:08,PM,456.50
04:26:09,PM,456.50
04:26:10,PM,456.50
04:26:11,PM,456.50
04:26:12,PM,456.50
04:26:13,PM,456.50
04:26:14,PM,456.50
04:26:15,PM,456.50
04:26:16,PM,456.50
04:26:17,PM,456.50
04:26:18,PM,456.50
04:26:19,PM,456.50
04:26:20,PM,456.50
04:26:21,PM,456.50
04:26:22,PM,456.50
04:26:23,PM,456.50
04:26:24,PM,456.50
04:26:25,PM,456.50
04:26:26,PM,456.50
04:26:27,PM,456.50
04:26:28,PM,456.50
04:26:29,PM,456.50
04:26:30,PM,456.50
04:26:31,PM,456.50
04:26:32,PM,456.50
04:26:33,PM,456.50
04:26:34,PM,456.50
04:26:35,PM,456.50
04:26:36,PM,456.50
04:26:37,PM,456.50
04:26:38,PM,456.50
04:26:39,PM,456.50
04:26:40,PM,456.50
04:26:41,PM,456.50
04:26:42,PM,456.50
04:26:43,PM,456.50
04:26:44,PM,456.50
04:26:45,PM,456.50
04:26:46,PM,456.50
04:26:47,PM,456.50
04:26:48,PM,456.50
04:26:49,PM,456.50
04:26:50,PM,456.50
04:26:51,PM,456.50
04:26:52,PM,456.50
04:26:53,PM,456.50
04:26:54,PM,456.50
04:26:55,PM,456.50
04:26:56,PM,456.50
04:26:57,PM,456.50
04:26:58,PM,456.50
04:26:59,PM,456.50
04:27:00,PM,456.50
04:27:01,PM,456.50
04:27:02,PM,456.50
04:27:03,PM,456.50
04:27:04,PM,456.50
04:27:05,PM,456.50
04:27:06,PM,456.50
04:27:07,PM,456.50
04:27:08,PM,456.50
04:27:09,PM,456.50
04:27:10,PM,456.50
04:27:11,PM,456.50
04:27:12,PM,456.50
04:27:13,PM,456.50
04:27:14,PM,456.50
04:27:15,PM,456.50
04:27:16,PM,456.50
04:27:17,PM,456.50
04:27:18,PM,456.50
04:27:19,PM,456.50
04:27:20,PM,456.50
04:27:21,PM,456.50
04:27:22,PM,456.50
04:27:23,PM,456.50
04:27:24,PM,456.50
04:27:25,PM,456.50
04:27:26,PM,456.50
04:27:27,PM,456.50
04:27:28,PM,456.50
04:27:29,PM,456.50
04:27:30,PM,456.50
04:27:31,PM,456.50
04:27:32,PM,456.50
04:27:33,PM,456.50
04:27:34,PM,456.50
04:27:35,PM,456.50
04:27:36,PM,456.50
04:27:37,PM,456.50
04:27:38,PM,456.50
04:27:39,PM,456.50
04:27:40,PM,456.50
04:27:41,PM,456.50
04:27:42,PM,456.50
04:27:43,PM,456.50
04:27:44,PM,456.50
04:27:45,PM,456.50
04:27:46,PM,456.50
04:27:47,PM,456.50
04:27:48,PM,456.50
04:27:49,PM,456.50
04:27:50,PM,456.50
04:27:51,PM,456.50
04:27:52,PM,456.50
04:27:53,PM,456.50
04:27:54,PM,456.50
04:27:55,PM,456.50
04:27:56,PM,456.50
04:27:57,PM,456.50
04:27:58,PM,456.50
04:27:59,PM,456.50
04:28:00,PM,456.50
04:28:01,PM,456.50
04:28:02,PM,456.50
04:28:03,PM,456.50
04:28:04,PM,456.50
04:28:05,PM,456.50
04:28:06,PM,456.50
04:28:07,PM,456.50
04:28:08,PM,456.50
04:28:09,PM,456.50
04:28:10,PM,456.50
04:28:11,PM,456.50
04:28:12,PM,456.50
04:28:13,PM,456.50
04:28:14,PM,456.50
04:28:15,PM,456.50
04:28:16,PM,456.50
04:28:17,PM,456.50
04:28:18,PM,456.50
04:28:19,PM,456.50
04:28:20,PM,456.50
04:28:21,PM,456.50
04:28:22,PM,456.50
04:28:23,PM,456.50
04:28:24,PM,456.50
04:28:25,PM,456.50
04:28:26,PM,456.50
04:28:27,PM,456.50
04:28:28,PM,456.50
04:28:29,PM,456.50
04:28:30,PM,456.50
04:28:31,PM,456.50
04:28:32,PM,456.50
04:28:33,PM,456.50
04:28:34,PM,456.50
04:28:35,PM,456.50
04:28:36,PM,456.50
04:28:37,PM,456.50
04:28:38,PM,456.50
04:28:39,PM,456.50
04:28:40,PM,456.50
04:28:41,PM,456.50
04:28:42,PM,456.50
04:28:43,PM,456.50
04:28:44,PM,456.50
04:28:45,PM,456.50
04:28:46,PM,456.50
04:28:47,PM,456.50
04:28:48,PM,456.50
04:28:49,PM,456.50
04:28:50,PM,456.50
04:28:51,PM,456.50
04:28:52,PM,456.50
04:28:53,PM,456.50
04:28:54,PM,456.50
04:28:55,PM,456.50
04:28:56,PM,456.50
04:28:57,PM,456.50
04:28:58,PM,456.50
04:28:59,PM,456.50
04:29:00,PM,456.50
04:29:01,PM,456.50
04:29:02,PM,456.50
04:29:03,PM,456.50
04:29:04,PM,456.50
04:29:05,PM,456.50
04:29:06,PM,456.50
04:29:07,PM,456.50
04:29:08,PM,456.50
04:29:09,PM,456.50
04:29:10,PM,456.50
04:29:11,PM,456.50
04:29:12,PM,456.50
04:29:13,PM,456.50
04:29:14,PM,456.50
04:29:15,PM,456.50
04:29:16,PM,456.50
04:29:17,PM,456.50
04:29:18,PM,456.50
04:29:19,PM,456.50
04:29:20,PM,456.50
04:29:21,PM,456.50
04:29:22,PM,456.50
04:29:23,PM,456.50
04:29:24,PM,456.50
04:29:25,PM,456.50
04:29:26,PM,456.50
04:29:27,PM,456.50
04:29:28,PM,456.50
04:29:29,PM,456.50
04:29:30,PM,456.50
04:29:31,PM,456.50
04:29:32,PM,456.50
04:29:33,PM,456.50
04:29:34,PM,456.50
04:29:35,PM,456.50
04:29:36,PM,456.50
04:29:37,PM,456.50
04:29:38,PM,456.50
04:29:39,PM,456.50
04:29:40,PM,456.50
04:29:41,PM,456.50
04:29:42,PM,456.50
04:29:43,PM,456.50
04:29:44,PM,456.50
04:29:45,PM,456.50
04:29:46,PM,456.50
04:29:47,PM,456.50
04:29:48,PM,456.50
04:29:49,PM,456.50
04:29:50,PM,456.50
04:29:51,PM,456.50
04:29:52,PM,456.50
04:29:53,PM,456.50
04:29:54,PM,456.50
04:29:55,PM,456.50
04:29:56,PM,456.50
04:29:57,PM,456.50
04:29:58,PM,456.50
04:29:59,PM,456.50
04:30:00,PM,456.50
04:30:01,PM,456.50
04:30:02,PM,456.50
04:30:03,PM,456.50
04:30:04,PM,456.50
04:30:05,PM,456.50
04:30:06,PM,456.50
04:30:07,PM,456.50
04:30:08,PM,456.50
04:30:09,PM,456.50
04:30:10,PM,456.50
04:30:11,PM,456.50
04:30:12,PM,456.50
04:30:13,PM,456.50
04:30:14,PM,456.50
04:30:15,PM,456.50
04:30:16,PM,456.50
04:30:17,PM,456.50
04:30:18,PM,456.50
04:30:19,PM,456.50
04:30:20,PM,456.50
04:30:21,PM,456.50
04:30:22,PM,456.50
04:30:23,PM,456.50
04:30:24,PM,456.50
04:30:25,PM,456.50
04:30:26,PM,456.50
04:30:27,PM,456.50
04:30:28,PM,456.50
04:30:29,PM,456.50
04:30:30,PM,456.50
04:30:31,PM,456.50
04:30:32,PM,456.50
04:30:33,PM,456.50
04:30:34,PM,456.50
04:30:35,PM,456.50
04:30:36,PM,456.50
04:30:37,PM,456.50
04:30:38,PM,456.50
04:30:39,PM,456.50
04:30:40,PM,456.50
04:30:41,PM,456.50
04:30:42,PM,456.50
04:30:43,PM,456.50
04:30:44,PM,456.50
04:30:45,PM,456.50
04:30:46,PM,456.50
04:30:47,PM,456.50
04:30:48,PM,456.50
04:30:49,PM,456.50
04:30:50,PM,456.50
04:30:51,PM,456.50
04:30:52,PM,456.50
04:30:53,PM,456.50
04:30:54,PM,456.50
04:30:55,PM,456.50
04:30:56,PM,456.50
04:30:57,PM,456.50
04:30:58,PM,456.50
04:30:59,PM,456.50
04:31:00,PM,456.50
04:31:01,PM,456.50
04:31:02,PM,456.50
04:31:03,PM,456.50
04:31:04,PM,456.50
04:31:05,PM,456.50
04:31:06,PM,456.50
04:31:07,PM,456.50
04:31:08,PM,456.50
04:31:09,PM,456.50
04:31:10,PM,456.50
04:31:11,PM,456.50
04:31:12,PM,456.50
04:31:13,PM,456.50
04:31:14,PM,456.50
04:31:15,PM,456.50
04:31:16,PM,456.50
04:31:17,PM,456.50
04:31:18,PM,456.50
04:31:19,PM,456.50
04:31:20,PM,456.50
04:31:21,PM,456.50
04:31:22,PM,456.50
04:31:23,PM,456.50
04:31:24,PM,456.50
04:31:25,PM,456.50
04:31:26,PM,456.50
04:31:27,PM,456.50
04:31:28,PM,456.50
04:31:29,PM,456.50
04:31:30,PM,456.50
04:31:31,PM,456.50
04:31:32,PM,456.50
04:31:33,PM,456.50
04:31:34,PM,456.50
04:31:35,PM,456.50
04:31:36,PM,456.50
04:31:37,PM,456.50
04:31:38,PM,456.50
04:31:39,PM,456.50
04:31:40,PM,456.50
04:31:41,PM,456.50
04:31:42,PM,456.50
04:31:43,PM,456.50
04:31:44,PM,456.50
04:31:45,PM,456.50
04:31:46,PM,456.50
04:31:47,PM,456.50
04:31:48,PM,456.50
04:31:49,PM,456.50
04:31:50,PM,456.50
04:31:51,PM,456.50
04:31:52,PM,456.50
04:31:53,PM,456.50
04:31:54,PM,456.50
04:31:55,PM,456.50
04:31:56,PM,456.50
04:31:57,PM,456.50
04:31:58,PM,456.50
04:31:59,PM,456.50
04:32:00,PM,456.50
04:32:01,PM,456.50
04:32:02,PM,456.50
04:32:03,PM,456.50
04:32:04,PM,456.50
04:32:05,PM,456.50
04:32:06,PM,456.50
04:32:07,PM,456.50
04:32:08,PM,456.50
04:32:09,PM,456.50
04:32:10,PM,456.50
04:32:11,PM,456.50
04:32:12,PM,456.50
04:32:13,PM,456.50
04:32:15,PM,456.50
04:32:16,PM,456.50
04:32:17,PM,456.50
04:32:18,PM,456.50
04:32:19,PM,456.50
04:32:20,PM,456.50
04:32:21,PM,456.50
04:32:22,PM,456.50
04:32:23,PM,456.50
04:32:24,PM,456.50
04:32:25,PM,456.50
04:32:26,PM,456.50
04:32:27,PM,456.50
04:32:28,PM,456.50
04:32:29,PM,456.50
04:32:30,PM,456.50
04:32:31,PM,456.50
04:32:32,PM,456.50
04:32:33,PM,456.50
04:32:34,PM,456.50
04:32:35,PM,456.50
04:32:36,PM,456.50
04:32:37,PM,456.50
04:32:38,PM,456.50
04:32:39,PM,456.50
04:32:40,PM,456.50
04:32:41,PM,456.50
04:32:42,PM,456.50
04:32:43,PM,456.50
04:32:44,PM,456.50
04:32:45,PM,456.50
04:32:46,PM,456.50
04:32:47,PM,456.50
04:32:48,PM,456.50
04:32:49,PM,456.50
04:32:50,PM,456.50
04:32:51,PM,456.50
04:32:52,PM,456.50
04:32:53,PM,456.50
04:32:54,PM,456.50
04:32:55,PM,456.50
04:32:56,PM,456.50
04:32:57,PM,456.50
04:32:58,PM,456.50
04:32:59,PM,456.50
04:33:00,PM,456.50
04:33:01,PM,456.50
04:33:02,PM,456.50
04:33:03,PM,456.50
04:33:04,PM,456.50
04:33:05,PM,456.50
04:33:06,PM,456.50
04:33:07,PM,456.50
04:33:08,PM,456.50
04:33:09,PM,456.50
04:33:10,PM,456.50
04:33:11,PM,456.50
04:33:12,PM,456.50
04:33:13,PM,456.50
04:33:14,PM,456.50
04:33:15,PM,456.50
04:33:16,PM,456.50
04:33:17,PM,456.50
04:33:18,PM,456.50
04:33:19,PM,456.50
04:33:20,PM,456.50
04:33:21,PM,456.50
04:33:22,PM,456.50
04:33:23,PM,456.50
04:33:24,PM,456.50
04:33:25,PM,456.50
04:33:26,PM,456.50
04:33:27,PM,456.50
04:33:28,PM,456.50
04:33:29,PM,456.50
04:33:30,PM,456.50
04:33:31,PM,456.50
04:33:32,PM,456.50
04:33:33,PM,456.50
04:33:34,PM,456.50
04:33:35,PM,456.50
04:33:36,PM,456.50
04:33:37,PM,456.50
04:33:38,PM,456.50
04:33:39,PM,456.50
04:33:40,PM,456.50
04:33:41,PM,456.50
04:33:42,PM,456.50
04:33:43,PM,456.50
04:33:44,PM,456.50
04:33:45,PM,456.50
04:33:46,PM,456.50
04:33:47,PM,456.50
04:33:48,PM,456.50
04:33:49,PM,456.50
04:33:50,PM,456.50
04:33:51,PM,456.50
04:33:52,PM,456.50
04:33:53,PM,456.50
04:33:54,PM,456.50
04:33:55,PM,456.50
04:33:56,PM,456.50
04:33:57,PM,456.50
04:33:58,PM,456.50
04:33:59,PM,456.50
04:34:00,PM,456.50
04:34:01,PM,456.50
04:34:02,PM,456.50
04:34:03,PM,456.50
04:34:04,PM,456.50
04:34:05,PM,456.50
04:34:06,PM,456.50
04:34:07,PM,456.50
04:34:08,PM,456.50
04:34:09,PM,456.50
04:34:10,PM,456.50
04:34:11,PM,456.50
04:34:12,PM,456.50
04:34:13,PM,456.50
04:34:14,PM,456.50
04:34:15,PM,456.50
04:34:16,PM,456.50
04:34:17,PM,456.50
04:34:18,PM,456.50
04:34:19,PM,456.50
04:34:20,PM,456.50
04:34:21,PM,456.50
04:34:22,PM,456.50
04:34:23,PM,456.50
04:34:24,PM,456.50
04:34:25,PM,456.50
04:34:26,PM,456.50
04:34:27,PM,456.50
04:34:28,PM,456.50
04:34:29,PM,456.50
04:34:30,PM,456.50
04:34:31,PM,456.50
04:34:32,PM,456.50
04:34:33,PM,456.50
04:34:34,PM,456.50
04:34:35,PM,456.50
04:34:36,PM,456.50
04:34:37,PM,456.50
04:34:38,PM,456.50
04:34:39,PM,456.50
04:34:40,PM,456.50
04:34:41,PM,456.50
04:34:42,PM,456.50
04:34:43,PM,456.50
04:34:44,PM,456.50
04:34:45,PM,456.50
04:34:46,PM,456.50
04:34:47,PM,456.50
04:34:48,PM,456.50
04:34:49,PM,456.50
04:34:50,PM,456.50
04:34:51,PM,456.50
04:34:52,PM,456.50
04:34:53,PM,456.50
04:34:54,PM,456.50
04:34:55,PM,456.50
04:34:56,PM,456.50
04:34:57,PM,456.50
04:34:58,PM,456.50
04:34:59,PM,456.50
04:35:00,PM,456.50
04:35:01,PM,456.50
04:35:02,PM,456.50
04:35:03,PM,456.50
04:35:04,PM,456.50
04:35:05,PM,456.50
04:35:06,PM,456.50
04:35:07,PM,456.50
04:35:08,PM,456.50
04:35:09,PM,456.50
04:35:10,PM,456.50
04:35:11,PM,456.50
04:35:12,PM,456.50
04:35:13,PM,456.50
04:35:14,PM,456.50
04:35:15,PM,456.50
04:35:16,PM,456.50
04:35:17,PM,456.50
04:35:18,PM,456.50
04:35:19,PM,456.50
04:35:20,PM,456.50
04:35:21,PM,456.50
04:35:22,PM,456.50
04:35:23,PM,456.50
04:35:24,PM,456.50
04:35:25,PM,456.50
04:35:26,PM,456.50
04:35:27,PM,456.50
04:35:28,PM,456.50
04:35:29,PM,456.50
04:35:30,PM,456.50
04:35:31,PM,456.50
04:35:32,PM,456.50
04:35:33,PM,456.50
04:35:34,PM,456.50
04:35:35,PM,456.50
04:35:36,PM,456.50
04:35:37,PM,456.50
04:35:38,PM,456.50
04:35:39,PM,456.50
04:35:40,PM,456.50
04:35:41,PM,456.50
04:35:42,PM,456.50
04:35:43,PM,456.50
04:35:44,PM,456.50
04:35:45,PM,456.50
04:35:46,PM,456.50
04:35:47,PM,456.50
04:35:48,PM,456.50
04:35:49,PM,456.50
04:35:50,PM,456.50
04:35:51,PM,456.50
04:35:52,PM,456.50
04:35:53,PM,456.50
04:35:54,PM,456.50
04:35:55,PM,456.50
04:35:56,PM,456.50
04:35:57,PM,456.50
04:35:58,PM,456.50
04:35:59,PM,456.50
04:36:00,PM,456.50
04:36:01,PM,456.50
04:36:02,PM,456.50
04:36:03,PM,456.50
04:36:04,PM,456.50
04:36:05,PM,456.50
04:36:06,PM,456.50
04:36:07,PM,456.50
04:36:08,PM,456.50
04:36:09,PM,456.50
04:36:10,PM,456.50
04:36:11,PM,456.50
04:36:12,PM,456.50
04:36:13,PM,456.50
04:36:14,PM,456.50
04:36:15,PM,456.50
04:36:16,PM,456.50
04:36:17,PM,456.50
04:36:18,PM,456.50
04:36:19,PM,456.50
04:36:20,PM,456.50
04:36:21,PM,456.50
04:36:22,PM,456.50
04:36:23,PM,456.50
04:36:24,PM,456.50
04:36:25,PM,456.50
04:36:26,PM,456.50
04:36:27,PM,456.50
04:36:28,PM,456.50
04:36:29,PM,456.50
04:36:30,PM,456.50
04:36:31,PM,456.50
04:36:32,PM,456.50
04:36:33,PM,456.50
04:36:34,PM,456.50
04:36:35,PM,456.50
04:36:36,PM,456.50
04:36:37,PM,456.50
04:36:38,PM,456.50
04:36:39,PM,456.50
04:36:40,PM,456.50
04:36:41,PM,456.50
04:36:42,PM,456.50
04:36:43,PM,456.50
04:36:44,PM,456.50
04:36:45,PM,456.50
04:36:46,PM,456.50
04:36:47,PM,456.50
04:36:48,PM,456.50
04:36:49,PM,456.50
04:36:50,PM,456.50
04:36:51,PM,456.50
04:36:52,PM,456.50
04:36:53,PM,456.50
04:36:54,PM,456.50
04:36:55,PM,456.50
04:36:56,PM,456.50
04:36:57,PM,456.50
04:36:58,PM,456.50
04:36:59,PM,456.50
04:37:00,PM,456.50
04:37:01,PM,456.50
04:37:02,PM,456.50
04:37:03,PM,456.50
04:37:04,PM,456.50
04:37:05,PM,456.50
04:37:06,PM,456.50
04:37:07,PM,456.50
04:37:08,PM,456.50
04:37:09,PM,456.50
04:37:10,PM,456.50
04:37:11,PM,456.50
04:37:12,PM,456.50
04:37:13,PM,456.50
04:37:14,PM,456.50
04:37:15,PM,456.50
04:37:16,PM,456.50
04:37:17,PM,456.50
04:37:18,PM,456.50
04:37:19,PM,456.50
04:37:20,PM,456.50
04:37:21,PM,456.50
04:37:22,PM,456.50
04:37:23,PM,456.50
04:37:24,PM,456.50
04:37:25,PM,456.50
04:37:26,PM,456.50
04:37:27,PM,456.50
04:37:28,PM,456.50
04:37:29,PM,456.50
04:37:30,PM,456.50
04:37:31,PM,456.50
04:37:32,PM,456.50
04:37:33,PM,456.50
04:37:34,PM,456.50
04:37:35,PM,456.50
04:37:36,PM,456.50
04:37:37,PM,456.50
04:37:38,PM,456.50
04:37:39,PM,456.50
04:37:40,PM,456.50
04:37:41,PM,456.50
04:37:42,PM,456.50
04:37:43,PM,456.50
04:37:44,PM,456.50
04:37:45,PM,456.50
04:37:46,PM,456.50
04:37:47,PM,456.50
04:37:48,PM,456.50
04:37:49,PM,456.50
04:37:50,PM,456.50
04:37:51,PM,456.50
04:37:52,PM,456.50
04:37:53,PM,456.50
04:37:54,PM,456.50
04:37:55,PM,456.50
04:37:56,PM,456.50
04:37:57,PM,456.50
04:37:58,PM,456.50
04:37:59,PM,456.50
04:38:00,PM,456.50
04:38:01,PM,456.50
04:38:02,PM,456.50
04:38:03,PM,456.50
04:38:04,PM,456.50
04:38:05,PM,456.50
04:38:06,PM,456.50
04:38:07,PM,456.50
04:38:08,PM,456.50
04:38:09,PM,456.50
04:38:10,PM,456.50
04:38:11,PM,456.50
04:38:12,PM,456.50
04:38:13,PM,456.50
04:38:14,PM,456.50
04:38:15,PM,456.50
04:38:16,PM,456.50
04:38:17,PM,456.50
04:38:18,PM,456.50
04:38:19,PM,456.50
04:38:20,PM,456.50
04:38:21,PM,456.50
04:38:22,PM,456.50
04:38:23,PM,456.50
04:38:24,PM,456.50
04:38:25,PM,456.50
04:38:26,PM,456.50
04:38:27,PM,456.50
04:38:28,PM,456.50
04:38:29,PM,456.50
04:38:30,PM,456.50
04:38:31,PM,456.50
04:38:32,PM,456.50
04:38:33,PM,456.50
04:38:34,PM,456.50
04:38:35,PM,456.50
04:38:36,PM,456.50
04:38:37,PM,456.50
04:38:38,PM,456.50
04:38:39,PM,456.50
04:38:40,PM,456.50
04:38:41,PM,456.50
04:38:42,PM,456.50
04:38:43,PM,456.50
04:38:44,PM,456.50
04:38:45,PM,456.50
04:38:46,PM,456.50
04:38:47,PM,456.50
04:38:48,PM,456.50
04:38:49,PM,456.50
04:38:50,PM,456.50
04:38:51,PM,456.50
04:38:52,PM,456.50
04:38:53,PM,456.50
04:38:54,PM,456.50
04:38:55,PM,456.50
04:38:56,PM,456.50
04:38:57,PM,456.50
04:38:58,PM,456.50
04:38:59,PM,456.50
04:39:00,PM,456.50
04:39:01,PM,456.50
04:39:02,PM,456.50
04:39:03,PM,456.50
04:39:04,PM,456.50
04:39:05,PM,456.50
04:39:06,PM,456.50
04:39:07,PM,456.50
04:39:08,PM,456.50
04:39:09,PM,456.50
04:39:10,PM,456.50
04:39:11,PM,456.50
04:39:12,PM,456.50
04:39:13,PM,456.50
04:39:14,PM,456.50
04:39:15,PM,456.50
04:39:16,PM,456.50
04:39:17,PM,456.50
04:39:18,PM,456.50
04:39:19,PM,456.50
04:39:20,PM,456.50
04:39:21,PM,456.50
04:39:22,PM,456.50
04:39:23,PM,456.50
04:39:24,PM,456.50
04:39:25,PM,456.50
04:39:26,PM,456.50
04:39:27,PM,456.50
04:39:28,PM,456.50
04:39:29,PM,456.50
04:39:30,PM,456.50
04:39:31,PM,456.50
04:39:32,PM,456.50
04:39:33,PM,456.50
04:39:34,PM,456.50
04:39:35,PM,456.50
04:39:36,PM,456.50
04:39:37,PM,456.50
04:39:38,PM,456.50
04:39:39,PM,456.50
04:39:40,PM,456.50
04:39:41,PM,456.50
04:39:42,PM,456.50
04:39:43,PM,456.50
04:39:44,PM,456.50
04:39:45,PM,456.50
04:39:46,PM,456.50
04:39:47,PM,456.50
04:39:48,PM,456.50
04:39:49,PM,456.50
04:39:50,PM,456.50
04:39:51,PM,456.50
04:39:52,PM,456.50
04:39:53,PM,456.50
04:39:54,PM,456.50
04:39:55,PM,456.50
04:39:56,PM,456.50
04:39:57,PM,456.50
04:39:58,PM,456.50
04:39:59,PM,456.50
04:40:00,PM,456.50
04:40:01,PM,456.50
04:40:02,PM,456.50
04:40:03,PM,456.50
04:40:04,PM,456.50
04:40:05,PM,456.50
04:40:06,PM,456.50
04:40:07,PM,456.50
04:40:08,PM,456.50
04:40:09,PM,456.50
04:40:10,PM,456.50
04:40:11,PM,456.50
04:40:12,PM,456.50
04:40:13,PM,456.50
04:40:14,PM,456.50
04:40:15,PM,456.50
04:40:16,PM,456.50
04:40:17,PM,456.50
04:40:18,PM,456.50
04:40:19,PM,456.50
04:40:20,PM,456.50
04:40:21,PM,456.50
04:40:22,PM,456.50
04:40:23,PM,456.50
04:40:24,PM,456.50
04:40:25,PM,456.50
04:40:26,PM,456.50
04:40:27,PM,456.50
04:40:28,PM,456.50
04:40:29,PM,456.50
04:40:30,PM,456.50
04:40:31,PM,456.50
04:40:32,PM,456.50
04:40:33,PM,456.50
04:40:34,PM,456.50
04:40:35,PM,456.50
04:40:36,PM,456.50
04:40:37,PM,456.50
04:40:38,PM,456.50
04:40:39,PM,456.50
04:40:40,PM,456.50
04:40:41,PM,456.50
04:40:42,PM,456.50
04:40:43,PM,456.50
04:40:44,PM,456.50
04:40:45,PM,456.50
04:40:46,PM,456.50
04:40:47,PM,456.50
04:40:48,PM,456.50
04:40:49,PM,456.50
04:40:50,PM,456.50
04:40:51,PM,456.50
04:40:52,PM,456.50
04:40:53,PM,456.50
04:40:54,PM,456.50
04:40:55,PM,456.50
04:40:56,PM,456.50
04:40:57,PM,456.50
04:40:58,PM,456.50
04:40:59,PM,456.50
04:41:00,PM,456.50
04:41:01,PM,456.50
04:41:02,PM,456.50
04:41:03,PM,456.50
04:41:04,PM,456.50
04:41:05,PM,456.50
04:41:06,PM,456.50
04:41:07,PM,456.50
04:41:08,PM,456.50
04:41:09,PM,456.50
04:41:10,PM,456.50
04:41:11,PM,456.50
04:41:12,PM,456.50
04:41:13,PM,456.50
04:41:14,PM,456.50
04:41:15,PM,456.50
04:41:16,PM,456.50
04:41:17,PM,456.50
04:41:18,PM,456.50
04:41:19,PM,456.50
04:41:20,PM,456.50
04:41:21,PM,456.50
04:41:22,PM,456.50
04:41:23,PM,456.50
04:41:24,PM,456.50
04:41:25,PM,456.50
04:41:26,PM,456.50
04:41:27,PM,456.50
04:41:28,PM,456.50
04:41:29,PM,456.50
04:41:30,PM,456.50
04:41:31,PM,456.50
04:41:32,PM,456.50
04:41:33,PM,456.50
04:41:34,PM,456.50
04:41:35,PM,456.50
04:41:36,PM,456.50
04:41:37,PM,456.50
04:41:38,PM,456.50
04:41:39,PM,456.50
04:41:40,PM,456.50
04:41:41,PM,456.50
04:41:42,PM,456.50
04:41:43,PM,456.50
04:41:44,PM,456.50
04:41:45,PM,456.50
04:41:46,PM,456.50
04:41:47,PM,456.50
04:41:48,PM,456.50
04:41:49,PM,456.50
04:41:50,PM,456.50
04:41:51,PM,456.50
04:41:52,PM,456.50
04:41:53,PM,456.50
04:41:54,PM,456.50
04:41:55,PM,456.50
04:41:56,PM,456.50
04:41:57,PM,456.50
04:41:58,PM,456.50
04:41:59,PM,456.50
04:42:00,PM,456.50
04:42:01,PM,456.50
04:42:02,PM,456.50
04:42:03,PM,456.50
04:42:04,PM,456.50
04:42:05,PM,456.50
04:42:06,PM,456.50
04:42:07,PM,456.50
04:42:08,PM,456.50
04:42:09,PM,456.50
04:42:10,PM,456.50
04:42:11,PM,456.50
04:42:12,PM,456.50
04:42:13,PM,456.50
04:42:14,PM,456.50
04:42:15,PM,456.50
04:42:16,PM,456.50
04:42:17,PM,456.50
04:42:18,PM,456.50
04:42:19,PM,456.50
04:42:20,PM,456.50
04:42:21,PM,456.50
04:42:22,PM,456.50
04:42:23,PM,456.50
04:42:24,PM,456.50
04:42:25,PM,456.50
04:42:26,PM,456.50
04:42:27,PM,456.50
04:42:28,PM,456.50
04:42:29,PM,456.50
04:42:30,PM,456.50
04:42:31,PM,456.50
04:42:32,PM,456.50
04:42:33,PM,456.50
04:42:34,PM,456.50
04:42:35,PM,456.50
04:42:36,PM,456.50
04:42:37,PM,456.50
04:42:38,PM,456.50
04:42:39,PM,456.50
04:42:40,PM,456.50
04:42:41,PM,456.50
04:42:42,PM,456.50
04:42:43,PM,456.50
04:42:44,PM,456.50
04:42:45,PM,456.50
04:42:46,PM,456.50
04:42:47,PM,456.50
04:42:48,PM,456.50
04:42:49,PM,456.50
04:42:50,PM,456.50
04:42:51,PM,456.50
04:42:52,PM,456.50
04:42:53,PM,456.50
04:42:54,PM,456.50
04:42:55,PM,456.50
04:42:56,PM,456.50
04:42:57,PM,456.50
04:42:58,PM,456.50
04:42:59,PM,456.50
04:43:00,PM,456.50
04:43:01,PM,456.50
04:43:02,PM,456.50
04:43:03,PM,456.50
04:43:04,PM,456.50
04:43:05,PM,456.50
04:43:06,PM,456.50
04:43:07,PM,456.50
04:43:08,PM,456.50
04:43:09,PM,456.50
04:43:10,PM,456.50
04:43:11,PM,456.50
04:43:12,PM,456.50
04:43:13,PM,456.50
04:43:14,PM,456.50
04:43:15,PM,456.50
04:43:16,PM,456.50
04:43:17,PM,456.50
04:43:18,PM,456.50
04:43:19,PM,456.50
04:43:20,PM,456.50
04:43:21,PM,456.50
04:43:22,PM,456.50
04:43:23,PM,456.50
04:43:24,PM,456.50
04:43:25,PM,456.50
04:43:26,PM,456.50
04:43:27,PM,456.50
04:43:28,PM,456.50
04:43:29,PM,456.50
04:43:30,PM,456.50
04:43:31,PM,456.50
04:43:32,PM,456.50
04:43:33,PM,456.50
04:43:34,PM,456.50
04:43:35,PM,456.50
04:43:36,PM,456.50
04:43:37,PM,456.50
04:43:38,PM,456.50
04:43:39,PM,456.50
04:43:40,PM,456.50
04:43:41,PM,456.50
04:43:42,PM,456.50
04:43:43,PM,456.50
04:43:44,PM,456.50
04:43:45,PM,456.50
04:43:46,PM,456.50
04:43:47,PM,456.50
04:43:48,PM,456.50
04:43:49,PM,456.50
04:43:50,PM,456.50
04:43:51,PM,456.50
04:43:52,PM,456.50
04:43:53,PM,456.50
04:43:54,PM,456.50
04:43:55,PM,456.50
04:43:56,PM,456.50
04:43:57,PM,456.50
04:43:58,PM,456.50
04:43:59,PM,456.50
04:44:00,PM,456.50
04:44:01,PM,456.50
04:44:02,PM,456.50
04:44:03,PM,456.50
04:44:04,PM,456.50
04:44:05,PM,456.50
04:44:06,PM,456.50
04:44:07,PM,456.50
04:44:08,PM,456.50
04:44:09,PM,456.50
04:44:10,PM,456.50
04:44:11,PM,456.50
04:44:12,PM,456.50
04:44:13,PM,456.50
04:44:14,PM,456.50
04:44:15,PM,456.50
04:44:16,PM,456.50
04:44:17,PM,456.50
04:44:18,PM,456.50
04:44:19,PM,456.50
04:44:20,PM,456.50
04:44:21,PM,456.50
04:44:22,PM,456.50
04:44:23,PM,456.50
04:44:24,PM,456.50
04:44:25,PM,456.50
04:44:26,PM,456.50
04:44:27,PM,456.50
04:44:28,PM,456.50
04:44:29,PM,456.50
04:44:30,PM,456.50
04:44:31,PM,456.50
04:44:32,PM,456.50
04:44:33,PM,456.50
04:44:34,PM,456.50
04:44:35,PM,456.50
04:44:36,PM,456.50
04:44:37,PM,456.50
04:44:38,PM,456.50
04:44:39,PM,456.50
04:44:40,PM,456.50
04:44:41,PM,456.50
04:44:42,PM,456.50
04:44:43,PM,456.50
04:44:44,PM,456.50
04:44:45,PM,456.50
04:44:46,PM,456.50
04:44:47,PM,456.50
04:44:48,PM,456.50
04:44:49,PM,456.50
04:44:50,PM,456.50
04:44:51,PM,456.50
04:44:52,PM,456.50
04:44:53,PM,456.50
04:44:54,PM,456.50
04:44:55,PM,456.50
04:44:56,PM,456.50
04:44:57,PM,456.50
04:44:58,PM,456.50
04:44:59,PM,456.50
04:45:00,PM,456.50
04:45:01,PM,456.50
04:45:02,PM,456.50
04:45:03,PM,456.50
04:45:04,PM,456.50
04:45:05,PM,456.50
04:45:06,PM,456.50
04:45:07,PM,456.50
04:45:08,PM,456.50
04:45:09,PM,456.50
04:45:10,PM,456.50
04:45:11,PM,456.50
04:45:12,PM,456.50
04:45:13,PM,456.50
04:45:14,PM,456.50
04:45:15,PM,456.50
04:45:16,PM,456.50
04:45:17,PM,456.50
04:45:18,PM,456.50
04:45:19,PM,456.50
04:45:20,PM,456.50
04:45:21,PM,456.50
04:45:22,PM,456.50
04:45:23,PM,456.50
04:45:24,PM,456.50
04:45:25,PM,456.50
04:45:26,PM,456.50
04:45:27,PM,456.50
04:45:28,PM,456.50
04:45:29,PM,456.50
04:45:30,PM,456.50
04:45:31,PM,456.50
04:45:32,PM,456.50
04:45:33,PM,456.50
04:45:34,PM,456.50
04:45:35,PM,456.50
04:45:36,PM,456.50
04:45:37,PM,456.50
04:45:38,PM,456.50
04:45:39,PM,456.50
04:45:40,PM,456.50
04:45:41,PM,456.50
04:45:42,PM,456.50
04:45:43,PM,456.50
04:45:44,PM,456.50
04:45:45,PM,456.50
04:45:46,PM,456.50
04:45:47,PM,456.50
04:45:48,PM,456.50
04:45:49,PM,456.50
04:45:50,PM,456.50
04:45:51,PM,456.50
04:45:52,PM,456.50
04:45:53,PM,456.50
04:45:54,PM,456.50
04:45:55,PM,456.50
04:45:56,PM,456.50
04:45:57,PM,456.50
04:45:58,PM,456.50
04:45:59,PM,456.50
04:46:00,PM,456.50
04:46:01,PM,456.50
04:46:02,PM,456.50
04:46:03,PM,456.50
04:46:04,PM,456.50
04:46:05,PM,456.50
04:46:06,PM,456.50
04:46:07,PM,456.50
04:46:08,PM,456.50
04:46:09,PM,456.50
04:46:10,PM,456.50
04:46:11,PM,456.50
04:46:12,PM,456.50
04:46:13,PM,456.50
04:46:14,PM,456.50
04:46:15,PM,456.50
04:46:16,PM,456.50
04:46:17,PM,456.50
04:46:18,PM,456.50
04:46:19,PM,456.50
04:46:20,PM,456.50
04:46:21,PM,456.50
04:46:22,PM,456.50
04:46:23,PM,456.50
04:46:24,PM,456.50
04:46:25,PM,456.50
04:46:26,PM,456.50
04:46:27,PM,456.50
04:46:28,PM,456.50
04:46:29,PM,456.50
04:46:30,PM,456.50
04:46:31,PM,456.50
04:46:32,PM,456.50
04:46:33,PM,456.50
04:46:34,PM,456.50
04:46:35,PM,456.50
04:46:36,PM,456.50
04:46:37,PM,456.50
04:46:38,PM,456.50
04:46:39,PM,456.50
04:46:40,PM,456.50
04:46:41,PM,456.50
04:46:42,PM,456.50
04:46:43,PM,456.50
04:46:44,PM,456.50
04:46:45,PM,456.50
04:46:46,PM,456.50
04:46:47,PM,456.50
04:46:48,PM,456.50
04:46:49,PM,456.50
04:46:50,PM,456.50
04:46:51,PM,456.50
04:46:52,PM,456.50
04:46:53,PM,456.50
04:46:54,PM,456.50
04:46:55,PM,456.50
04:46:56,PM,456.50
04:46:57,PM,456.50
04:46:58,PM,456.50
04:46:59,PM,456.50
04:47:00,PM,456.50
04:47:01,PM,456.50
04:47:02,PM,456.50
04:47:03,PM,456.50
04:47:04,PM,456.50
04:47:05,PM,456.50
04:47:06,PM,456.50
04:47:07,PM,456.50
04:47:08,PM,456.50
04:47:09,PM,456.50
04:47:10,PM,456.50
04:47:11,PM,456.50
04:47:12,PM,456.50
04:47:13,PM,456.50
04:47:14,PM,456.50
04:47:15,PM,456.50
04:47:16,PM,456.50
04:47:17,PM,456.50
04:47:18,PM,456.50
04:47:19,PM,456.50
04:47:20,PM,456.50
04:47:21,PM,456.50
04:47:22,PM,456.50
04:47:23,PM,456.50
04:47:24,PM,456.50
04:47:25,PM,456.50
04:47:26,PM,456.50
04:47:27,PM,456.50
04:47:28,PM,456.50
04:47:29,PM,456.50
04:47:30,PM,456.50
04:47:31,PM,456.50
04:47:32,PM,456.50
04:47:33,PM,456.50
04:47:34,PM,456.50
04:47:35,PM,456.50
04:47:36,PM,456.50
04:47:37,PM,456.50
04:47:38,PM,456.50
04:47:39,PM,456.50
04:47:40,PM,456.50
04:47:41,PM,456.50
04:47:42,PM,456.50
04:47:43,PM,456.50
04:47:44,PM,456.50
04:47:45,PM,456.50
04:47:46,PM,456.50
04:47:47,PM,456.50
04:47:48,PM,456.50
04:47:49,PM,456.50
04:47:50,PM,456.50
04:47:51,PM,456.50
04:47:52,PM,456.50
04:47:53,PM,456.50
04:47:54,PM,456.50
04:47:55,PM,456.50
04:47:56,PM,456.50
04:47:57,PM,456.50
04:47:58,PM,456.50
04:47:59,PM,456.50
04:48:00,PM,456.50
04:48:01,PM,456.50
04:48:02,PM,456.50
04:48:03,PM,456.50
04:48:04,PM,456.50
04:48:05,PM,456.50
04:48:06,PM,456.50
Average:,1000,69.51
